#{"t_start": 1721294680.8885765, "env_id": "None"}
r,l,t
-10.509573,1,0.077377
-7.030675,1,0.118544
-13.984328,5,0.325872
-11.366404,1,0.367537
-13.460906,4,0.530087
-10.830402,1,0.57126
-10.830402,1,0.611932
-21.088994,27,1.716519
-29.719981,10,2.126191
-10.883245,1,2.16689
-12.120512,4,2.330543
-11.892873,2,2.412414
-9.177222,2,2.493727
-13.068935,4,2.657431
-12.121382,2,2.739246
-12.75511,2,2.820094
-11.308842,1,2.861262
-10.835814,5,3.066606
-11.308842,1,3.107278
-10.830402,1,3.149934
-14.446477,2,3.231804
-15.373409,5,3.436126
-13.438227,27,4.727248
-15.118509,5,4.931112
-19.760908,5,5.135957
-19.586639,18,5.978136
-24.304872,27,7.083746
-11.446599,1,7.124414
-7.030675,1,7.165583
-16.939803,4,7.329452
-11.366404,1,7.37062
-17.260859,3,7.495569
-13.299563,2,7.577415
-18.825221,9,7.945433
-23.525676,17,8.707996
-11.366404,1,8.749165
-25.267318,16,9.401405
-14.241847,5,9.607737
-12.080084,3,9.730749
-11.458404,2,9.812587
-9.520836,2,9.894927
-8.891422,1,9.935567
-17.567662,7,10.221792
-9.520836,2,10.304151
-12.507497,2,10.386462
-16.50153,6,10.632975
-14.241847,5,10.838814
-11.366404,1,10.879488
-11.308842,1,11.019385
-11.892873,2,11.101197
-14.9219,5,11.305577
-12.939276,13,11.839237
-10.830402,1,11.880405
-11.458404,2,11.96175
-15.027048,7,12.248938
-11.366404,1,12.290597
-10.883245,1,12.332233
-10.830402,1,12.373927
-15.737457,3,12.499385
-8.891422,1,12.541078
-13.375156,15,13.220433
-14.973033,5,13.424315
-13.052064,4,13.587501
-17.832974,5,13.794333
-11.892873,2,13.876145
-23.893582,10,14.286854
-10.830402,1,14.328518
-21.860603,11,14.777406
-16.053277,8,15.103248
-12.062145,3,15.226302
-11.366404,1,15.266951
-8.891422,1,15.307628
-16.578148,7,15.602223
-6.323178,27,16.854622
-10.883245,1,16.89579
-9.04782,14,17.521277
-16.144833,4,17.685068
-10.509573,1,17.726206
-11.611495,8,18.057039
-10.883245,1,18.098206
-17.811928,9,18.467726
-14.853853,3,18.590238
-10.670916,3,18.712777
-17.643683,4,18.878909
-9.820666,2,18.959782
-14.418642,7,19.246468
-13.220736,4,19.411145
-11.446599,1,19.452803
-19.31695,5,19.659147
-21.949624,23,20.602509
-17.578883,13,21.133229
-4.35311,8,21.523631
-10.670916,3,21.64518
-13.131011,3,21.770638
-10.509573,1,21.811806
-11.366404,1,21.948231
-14.766292,24,22.93083
-9.820666,2,23.013143
-12.75511,2,23.095012
-10.830402,1,23.135678
-11.967213,3,23.258194
-25.818804,21,24.124182
-10.830402,1,24.165847
-10.509573,1,24.207013
-11.308842,1,24.247685
-20.29196,17,24.944596
-5.167135,11,25.39645
-11.446599,1,25.437589
-14.439716,3,25.616067
-7.030675,1,25.657732
-20.49445,20,26.474169
-16.64034,10,26.885349
-10.883245,1,26.925997
-16.222266,14,27.597112
-10.830402,1,27.638252
-10.509573,1,27.679451
-3.742895,27,28.785348
-28.570761,27,29.954385
-11.74608,2,30.036224
-2.952178,12,30.529275
-6.309998,12,31.0188
-10.883245,1,31.060461
-11.308842,1,31.102124
-11.308842,1,31.143266
-12.310666,3,31.267292
-14.450431,10,31.677486
-11.446599,1,31.718624
-11.366404,1,31.758799
-11.682468,2,31.841136
-26.788235,25,32.960174
-9.735905,4,33.125838
-13.118389,5,33.329693
-22.371214,12,33.82517
-11.652443,14,34.453023
-11.458404,2,34.535359
-12.466393,13,35.068588
-11.446599,1,35.109753
-3.156105,8,35.439567
-27.320624,16,36.092269
-7.030675,1,36.133437
-11.446599,1,36.174108
-10.693034,15,36.79213
-11.959201,27,37.901147
0.489233,8,38.375071
-5.280297,12,38.866579
-20.172814,14,39.441469
-10.883245,1,39.482114
-9.630286,4,39.646291
-13.969233,6,39.893798
-14.470868,2,39.976144
-16.581371,14,40.546022
-0.69134,13,41.080686
-13.299563,2,41.162526
-9.21765,3,41.285037
-6.746432,10,41.697214
-10.830402,1,41.738383
-7.030675,1,41.779054
-12.00764,4,41.942275
2.000996,5,42.147109
-14.149813,3,42.269625
-15.779379,3,42.392633
-15.914117,7,42.734845
-1.212175,8,43.061213
-11.446599,1,43.102905
-12.121382,2,43.184248
-13.299563,2,43.268569
-9.520836,2,43.350381
3.159833,13,43.98082
0.958535,6,44.225355
0.733634,6,44.471858
-9.155632,9,44.842843
-0.203487,7,45.128539
-10.883245,1,45.170232
-14.470868,2,45.252044
-10.780356,7,45.538732
-2.385404,8,45.867579
-5.112053,11,46.31752
-13.299563,2,46.398836
-14.991482,4,46.565021
-8.891422,1,46.605172
-11.308842,1,46.645844
-11.366404,1,46.687013
-9.630286,4,46.906051
-9.177222,2,46.987958
-7.030675,1,47.029154
-11.366404,1,47.069834
0.486545,9,47.441826
-10.830402,1,47.482497
-7.030675,1,47.523638
0.23744,8,47.850034
2.000996,5,48.054882
1.177391,5,48.262205
-9.520836,2,48.344545
17.696434,27,49.542588
0.695717,6,49.789104
-0.584941,7,50.074768
2.739459,5,50.282096
1.031456,6,50.528301
-0.481544,10,50.939502
-9.177222,2,51.074631
-1.091936,11,51.525515
-0.811532,7,51.816178
-9.520836,2,51.898017
0.250587,7,52.184205
15.97122,18,52.922253
28.287301,21,53.781797
1.328517,7,54.06802
-7.030675,1,54.109184
20.421999,21,55.069147
2.000996,5,55.327567
3.523463,5,55.532384
2.563641,6,55.777433
2.000996,5,55.984239
-8.891422,1,56.02543
4.028397,6,56.270431
0.006902,9,56.636993
5.180375,9,57.007646
10.957106,12,57.497722
2.164299,6,57.743782
40.106363,27,58.847877
41.58785,27,60.105742
22.987422,18,60.841769
-1.398279,7,61.127988
1.177391,5,61.331844
2.739459,5,61.536168
5.180375,9,61.906708
2.739459,5,62.111553
22.714426,24,63.095118
-0.04025,6,63.340142
3.523463,5,63.546951
3.523463,5,63.806002
-8.255235,4,63.969687
-10.670916,3,64.09319
3.523463,5,64.299028
3.523463,5,64.502396
39.553558,27,65.703537
3.639969,15,66.319565
38.361098,27,67.425152
-0.497675,7,67.710349
29.318807,21,68.625472
1.684627,6,68.870495
-7.030675,1,68.91114
36.616841,27,70.020194
1.101091,6,70.266211
39.33604,27,71.469489
3.523463,5,71.673841
34.801069,27,72.840121
-12.983908,3,72.963157
1.177391,5,73.168005
3.523463,5,73.371835
2.000996,5,73.57566
2.739459,5,73.779544
1.177391,5,73.985357
3.523463,5,74.189736
37.44495,27,75.297795
42.053207,27,76.556224
32.554441,27,77.662827
3.254797,8,77.989691
2.739459,5,78.195034
-0.596357,6,78.442042
3.523463,5,78.646368
-9.520836,2,78.728208
3.523463,5,78.93209
-7.030675,1,78.972734
3.523463,5,79.180062
36.324958,27,80.285149
2.739459,5,80.489529
2.739459,5,80.748942
4.028397,6,80.996438
24.688994,22,81.99317
2.000996,5,82.197026
2.000996,5,82.400914
-1.424473,8,82.730305
47.257906,27,83.834387
3.523463,5,84.039739
3.409199,6,84.284263
2.739459,5,84.489114
0.279783,7,84.829863
2.739459,5,85.034714
23.42694,20,85.85507
2.000996,5,86.059422
2.739459,5,86.264766
3.523463,5,86.471131
1.177391,5,86.675477
1.177391,5,86.975081
37.54322,27,88.079135
2.739459,5,88.283499
2.739459,5,88.489823
47.257906,27,89.644483
1.031456,6,89.891987
1.177391,5,90.095375
3.523463,5,90.300222
42.735451,27,91.409249
1.177391,5,91.61509
40.848312,27,92.814388
2.739459,5,93.01924
1.177391,5,93.225544
2.000996,5,93.488424
47.257906,27,94.592024
1.177391,5,94.798382
1.177391,5,95.002245
1.177391,5,95.206594
-0.04025,6,95.451122
42.735451,27,96.56216
47.257906,27,97.819534
47.257906,27,98.925741
3.523463,5,99.132575
42.735451,27,100.240122
1.177391,5,100.444462
3.523463,5,100.649806
1.882805,8,100.977662
1.177391,5,101.183033
3.523463,5,101.387881
2.739459,5,101.593197
2.638261,9,102.015351
1.741732,6,102.259856
2.000996,5,102.46809
2.739459,5,102.672444
3.523463,5,102.877786
25.097883,19,103.754199
0.279783,7,104.042871
0.59336,6,104.288914
2.739459,5,104.492743
43.887769,27,105.598318
2.739459,5,105.804935
-8.891422,1,105.846571
-9.21765,3,106.024149
3.523463,5,106.22901
1.177391,5,106.43287
42.735451,27,107.542394
47.257906,27,108.746985
42.735451,27,109.855076
42.735451,27,111.015191
1.177391,5,111.220067
3.523463,5,111.423918
18.766498,16,112.087074
42.735451,27,113.191177
42.735451,27,114.390995
47.257906,27,115.55635
42.735451,27,116.661934
2.739459,5,116.866774
3.523463,5,117.071626
1.177391,5,117.274982
1.177391,5,117.478347
3.523463,5,117.683689
44.673315,27,118.84433
3.523463,5,119.049149
3.523463,5,119.254523
3.523463,5,119.557621
42.735451,27,120.662008
2.739459,5,120.866874
2.739459,5,121.070688
3.523463,5,121.277056
4.028397,6,121.521579
2.000996,5,121.725934
35.989609,25,122.749178
42.735451,27,123.917671
41.590235,27,125.119358
2.000996,5,125.327096
2.000996,5,125.53194
42.735451,27,126.637527
6.103728,10,127.048187
42.735451,27,128.207344
42.735451,27,129.311434
1.177391,5,129.515809
3.523463,5,129.720165
40.043865,27,130.922965
41.402966,27,132.093627
42.735451,27,133.196233
42.123175,27,134.306309
42.735451,27,135.410376
43.476501,27,136.669246
41.981577,27,137.773844
47.257906,27,138.877939
2.000996,5,139.082291
1.177391,5,139.286637
1.177391,5,139.493475
42.735451,27,140.654207
2.000996,5,140.858582
1.177391,5,141.159704
1.177391,5,141.365021
1.177391,5,141.569372
1.101091,6,141.814383
42.735451,27,142.919466
2.739459,5,143.12729
2.739459,5,143.331644
1.504335,6,143.576146
2.000996,5,143.780522
2.739459,5,144.041394
2.164299,6,144.287409
3.567242,7,144.572638
2.000996,5,144.776489
1.177391,5,144.983321
2.739459,5,145.187181
-11.446599,1,145.227854
-7.030675,1,145.269022
3.523463,5,145.473373
2.739459,5,145.677228
47.257906,27,146.879832
2.000996,5,147.085175
0.958535,6,147.331661
42.735451,27,148.493795
1.177391,5,148.700151
3.523463,5,148.904994
1.98746,7,149.192679
42.735451,27,150.299227
3.523463,5,150.50311
1.177391,5,150.707464
-7.030675,1,150.749612
1.177391,5,150.953975
10.324651,12,151.445014
2.000996,5,151.649857
1.177391,5,151.947929
43.476501,27,153.110057
2.739459,5,153.314905
42.735451,27,154.420756
-10.830402,1,154.461397
2.739459,5,154.667733
39.151127,27,155.769875
47.257906,27,156.930512
2.739459,5,157.134836
-2.071599,6,157.474874
3.523463,5,157.682154
1.177391,5,157.886975
42.735451,27,158.991566
37.868547,27,160.097149
3.523463,5,160.301526
1.177391,5,160.505394
3.523463,5,160.712217
2.739459,5,160.970109
42.735451,27,162.080647
42.735451,27,163.284446
1.177391,5,163.488803
39.151127,27,164.598354
1.177391,5,164.80221
43.476501,27,165.963034
7.105952,10,166.373235
47.257906,27,167.478294
1.177391,5,167.68267
3.523463,5,167.886997
10.324651,12,168.477175
3.523463,5,168.685006
2.739459,5,168.891329
3.523463,5,169.095164
42.884937,27,170.252357
3.523463,5,170.456705
42.123175,27,171.561795
3.523463,5,171.76664
41.218081,27,172.87272
1.753472,6,173.118712
3.523463,5,173.323582
1.177391,5,173.68843
47.257906,27,174.795473
3.523463,5,175.000325
3.523463,5,175.204682
2.739459,5,175.409029
47.257906,27,176.515108
2.000996,5,176.718935
3.523463,5,176.924279
1.177391,5,177.129152
3.523463,5,177.3345
42.735451,27,178.49821
-8.891422,1,178.539407
2.000996,5,178.743759
1.177391,5,179.043838
42.735451,27,180.153361
1.272092,6,180.399404
2.000996,5,180.604721
3.523463,5,180.809567
1.501321,6,181.055388
3.523463,5,181.259046
42.735451,27,182.420203
43.887769,27,183.527771
1.177391,5,183.732619
47.257906,27,184.931946
3.523463,5,185.136298
47.257906,27,186.247805
1.177391,5,186.506485
40.106363,27,187.611899
1.177391,5,187.8192
2.739459,5,188.022587
42.735451,27,189.128142
42.735451,27,190.331016
20.763673,19,191.16333
3.523463,5,191.370656
42.735451,27,192.480183
47.257906,27,193.591223
2.739459,5,193.795106
5.180375,9,194.162642
2.000996,5,194.36749
-7.030675,1,194.408162
2.000996,5,194.614502
47.257906,27,195.871333
1.177391,5,196.075708
3.523463,5,196.281548
2.000996,5,196.485405
42.735451,27,197.591955
2.739459,5,197.796828
2.739459,5,198.004161
47.257906,27,199.167775
3.523463,5,199.372122
2.000996,5,199.577938
1.177391,5,199.782314
1.177391,5,199.987658
47.257906,27,201.18505
47.257906,27,202.290128
2.739459,5,202.497434
42.735451,27,203.656554
47.257906,27,204.763221
3.523463,5,204.968592
47.257906,27,206.168352
2.739459,5,206.373173
2.000996,5,206.577549
42.735451,27,207.738596
1.177391,5,207.945204
1.177391,5,208.149055
42.735451,27,209.257573
47.257906,27,210.36453
47.257906,27,211.566318
47.257906,27,212.725442
1.177391,5,212.930314
1.177391,5,213.135662
47.257906,27,214.245224
2.739459,5,214.449537
42.735451,27,215.553136
2.000996,5,215.756498
42.735451,27,217.010849
42.735451,27,218.115445
-7.030675,1,218.156085
-10.509573,1,218.197748
1.177391,5,218.401136
2.000996,5,218.605063
47.257906,27,219.709659
3.523463,5,219.914506
47.257906,27,221.075988
2.739459,5,221.281355
2.739459,5,221.485683
2.000996,5,221.690063
3.523463,5,221.897363
3.523463,5,222.199946
47.257906,27,223.303522
1.177391,5,223.510719
3.523463,5,223.715695
47.257906,27,224.876209
-8.255235,4,225.040385
0.733634,6,225.286868
42.735451,27,226.392481
42.884937,27,227.590816
2.739459,5,227.794671
42.735451,27,228.954906
1.177391,5,229.159258
3.523463,5,229.36507
42.923695,27,230.470158
42.735451,27,231.576237
3.523463,5,231.779633
2.739459,5,231.983483
3.523463,5,232.187309
-9.21765,3,232.312824
3.523463,5,232.518168
43.283628,27,233.774259
-1.639245,7,234.060946
2.000996,5,234.265795
2.739459,5,234.470119
3.523463,5,234.675463
42.735451,27,235.78319
3.523463,5,235.988564
47.257906,27,237.147685
-10.509573,1,237.188853
47.257906,27,238.302401
47.257906,27,239.502783
2.739459,5,239.706639
47.257906,27,240.81073
2.000996,5,241.016545
1.98746,7,241.35632
2.739459,5,241.561638
1.177391,5,241.766022
1.177391,5,241.972346
47.257906,27,243.079893
47.257906,27,244.283188
1.177391,5,244.486548
47.257906,27,245.645021
1.177391,5,245.850364
47.257906,27,246.954379
1.177391,5,247.157737
2.739459,5,247.36209
47.257906,27,248.471145
42.735451,27,249.67196
47.257906,27,250.829138
1.177391,5,251.03349
1.177391,5,251.238339
47.257906,27,252.347366
1.177391,5,252.552213
1.177391,5,252.756566
42.735451,27,253.91822
1.177391,5,254.12354
2.739459,5,254.32891
42.735451,27,255.529252
3.523463,5,255.736088
42.735451,27,256.840653
43.476501,27,257.947423
1.177391,5,258.205353
1.177391,5,258.410225
42.735451,27,259.517807
42.735451,27,260.722581
0.695717,6,260.969069
2.000996,5,261.173449
2.739459,5,261.378275
3.523463,5,261.582129
47.257906,27,262.746263
2.000996,5,262.950588
-0.04025,6,263.196135
1.177391,5,263.400487
1.177391,5,263.60732
2.739459,5,263.81167
3.523463,5,264.015499
3.523463,5,264.219855
3.523463,5,264.425718
42.735451,27,265.638437
2.739459,5,265.842789
42.735451,27,267.004948
47.257906,27,268.112565
1.177391,5,268.317914
42.735451,27,269.423994
42.735451,27,270.529577
2.739459,5,270.736409
1.177391,5,271.092013
47.257906,27,272.203934
1.177391,5,272.409232
2.000996,5,272.61557
2.000996,5,272.823391
2.000996,5,273.027744
42.735451,27,274.135311
42.735451,27,275.296448
1.177391,5,275.501294
2.739459,5,275.705122
47.257906,27,276.906175
1.177391,5,277.113991
2.000996,5,277.321818
2.739459,5,277.526669
2.000996,5,277.733003
42.735451,27,278.83761
2.000996,5,279.041962
42.735451,27,280.201612
2.000996,5,280.405437
1.177391,5,280.612269
3.523463,5,280.81662
2.739459,5,281.020973
47.257906,27,282.221489
47.257906,27,283.331013
3.523463,5,283.588933
42.735451,27,284.693824
2.000996,5,284.89867
2.739459,5,285.106997
47.257906,27,286.216051
2.739459,5,286.421368
42.735451,27,287.630642
43.476501,27,288.788774
1.177391,5,288.994118
47.257906,27,290.099738
1.177391,5,290.304613
42.735451,27,291.409176
2.739459,5,291.61454
47.257906,27,292.868434
3.523463,5,293.073289
-9.520836,2,293.155096
2.739459,5,293.359944
-1.555239,6,293.605464
2.164299,6,293.852002
0.733634,6,294.096999
2.000996,5,294.30185
3.523463,5,294.505235
47.257906,27,295.614757
47.257906,27,296.772362
1.177391,5,296.976244
2.739459,5,297.180097
2.000996,5,297.384948
2.000996,5,297.589274
-0.596357,6,297.834816
2.000996,5,298.13593
42.735451,27,299.245975
2.000996,5,299.451788
2.739459,5,299.657155
42.735451,27,300.814328
47.257906,27,301.924551
40.326124,27,303.030107
2.739459,5,303.234459
2.000996,5,303.533546
2.739459,5,303.74041
3.523463,5,303.945751
43.357116,27,305.105449
1.177391,5,305.311761
47.257906,27,306.413377
2.000996,5,306.620209
3.523463,5,306.824092
42.735451,27,307.92816
1.177391,5,308.132023
1.98746,7,308.419127
47.257906,27,309.676446
42.923695,27,310.781009
42.735451,27,311.887112
-7.030675,1,311.927784
42.735451,27,313.037372
2.000996,5,313.295787
47.257906,27,314.496643
42.735451,27,315.601264
2.739459,5,315.808067
2.000996,5,316.011449
2.000996,5,316.216797
18.659415,16,316.872433
3.523463,5,317.076802
47.257906,27,318.235382
3.523463,5,318.442711
39.36885,27,319.645777
42.735451,27,320.751229
2.000996,5,320.958514
3.523463,5,321.162838
47.257906,27,322.323551
2.739459,5,322.527875
47.257906,27,323.633486
-8.255235,4,323.800113
47.257906,27,324.999965
2.739459,5,325.204289
3.523463,5,325.408668
3.523463,5,325.61448
47.257906,27,326.776059
1.177391,5,326.982891
1.177391,5,327.187244
3.523463,5,327.393085
2.739459,5,327.597434
42.735451,27,328.701006
47.257906,27,329.80761
2.739459,5,330.068794
42.735451,27,331.270694
2.739459,5,331.475047
2.739459,5,331.68188
3.523463,5,331.887196
1.98746,7,332.173415
2.000996,5,332.377739
2.739459,5,332.585094
2.739459,5,332.788923
3.523463,5,332.993275
2.739459,5,333.197626
47.257906,27,334.355319
47.257906,27,335.464373
3.523463,5,335.669223
1.177391,5,335.973269
3.523463,5,336.18059
1.177391,5,336.386438
1.177391,5,336.592744
2.000996,5,336.797125
-0.431856,6,337.043112
47.257906,27,338.148838
2.000996,5,338.355697
42.735451,27,339.516336
1.177391,5,339.719697
47.257906,27,340.823792
2.000996,5,341.02762
47.257906,27,342.229353
-0.227657,7,342.515049
47.257906,27,343.677542
1.177391,5,343.884398
2.000996,5,344.088231
3.523463,5,344.292606
2.000996,5,344.49746
2.000996,5,344.705282
47.257906,27,345.813837
1.177391,5,346.018192
2.000996,5,346.222517
47.257906,27,347.479504
42.735451,27,348.58459
2.739459,5,348.78897
1.177391,5,348.993294
1.177391,5,349.20015
1.177391,5,349.404014
1.177391,5,349.607839
42.735451,27,350.718409
1.177391,5,350.924728
47.257906,27,352.185256
2.000996,5,352.389999
2.739459,5,352.596803
2.000996,5,352.801178
42.735451,27,353.90875
1.177391,5,354.113101
1.741732,6,354.360606
1.177391,5,354.564929
3.523463,5,354.77227
2.000996,5,354.977133
2.739459,5,355.183469
2.739459,5,355.439377
1.177391,5,355.644721
47.257906,27,356.750304
2.739459,5,356.954188
47.257906,27,358.159683
2.739459,5,358.364527
1.177391,5,358.568855
47.257906,27,359.735676
2.739459,5,359.942992
2.000996,5,360.149082
1.177391,5,360.353869
2.739459,5,360.55869
2.000996,5,360.763068
1.177391,5,360.967895
2.739459,5,361.174225
42.735451,27,362.281816
47.257906,27,363.481147
47.257906,27,364.6393
42.735451,27,365.74387
47.257906,27,366.856425
2.000996,5,367.060749
3.523463,5,367.265129
2.739459,5,367.472456
1.177391,5,367.676781
2.739459,5,367.88166
3.523463,5,368.141173
42.735451,27,369.347245
47.257906,27,370.452338
1.177391,5,370.659169
2.000996,5,370.863494
47.257906,27,371.969114
42.735451,27,373.129244
1.177391,5,373.336576
3.523463,5,373.540927
47.257906,27,374.739874
47.257906,27,375.850886
1.177391,5,376.05427
3.523463,5,376.258598
3.523463,5,376.463478
1.177391,5,376.722358
2.739459,5,376.929217
47.257906,27,378.034304
2.000996,5,378.238657
2.000996,5,378.443009
42.735451,27,379.647791
47.257906,27,380.752893
3.523463,5,381.010334
2.000996,5,381.215184
2.000996,5,381.421021
47.257906,27,382.527096
2.000996,5,382.731453
3.523463,5,382.9358
2.739459,5,383.142112
2.739459,5,383.34696
2.000996,5,383.551336
47.257906,27,384.756251
2.000996,5,384.963079
42.735451,27,386.131653
3.523463,5,386.336474
3.523463,5,386.540354
3.523463,5,386.746686
47.257906,27,387.854233
1.177391,5,388.059577
2.000996,5,388.263929
47.257906,27,389.423107
2.739459,5,389.629941
47.257906,27,390.830786
1.547932,7,391.116483
47.257906,27,392.225016
3.523463,5,392.42939
47.257906,27,393.596974
42.735451,27,394.70799
3.523463,5,394.912342
42.884937,27,396.115661
3.523463,5,396.32098
47.257906,27,397.42706
3.523463,5,397.633919
47.257906,27,398.795204
2.000996,5,398.999031
2.000996,5,399.205366
47.257906,27,400.313955
2.739459,5,400.517809
42.735451,27,401.718288
3.523463,5,401.922636
42.735451,27,403.085932
2.739459,5,403.293231
2.739459,5,403.497612
42.735451,27,404.603662
42.735451,27,405.708285
2.739459,5,405.91217
1.177391,5,406.268318
47.257906,27,407.375887
2.000996,5,407.580755
1.177391,5,407.785115
2.000996,5,407.992938
2.739459,5,408.197262
47.257906,27,409.305347
1.177391,5,409.510697
2.000996,5,409.716536
47.257906,27,410.889576
42.735451,27,412.094875
42.735451,27,413.200589
1.177391,5,413.405429
43.887769,27,414.509037
47.257906,27,415.668727
2.000996,5,415.872555
1.177391,5,416.079349
2.739459,5,416.283697
47.257906,27,417.486979
47.257906,27,418.592031
47.257906,27,419.749381
2.739459,5,419.956709
2.000996,5,420.162052
3.523463,5,420.365438
2.000996,5,420.5698
47.257906,27,421.676338
2.000996,5,421.880719
47.257906,27,423.083987
47.257906,27,424.248212
3.523463,5,424.454055
2.739459,5,424.658382
2.000996,5,424.865214
47.257906,27,425.971817
3.523463,5,426.176636
2.000996,5,426.383986
42.923695,27,427.545623
39.36885,27,428.745944
3.523463,5,428.949801
2.000996,5,429.153654
47.257906,27,430.26271
3.523463,5,430.467062
42.735451,27,431.633656
47.257906,27,432.740201
42.735451,27,433.948532
1.177391,5,434.151898
47.257906,27,435.257452
2.739459,5,435.463816
47.257906,27,436.626411
2.000996,5,436.830791
1.177391,5,437.035611
1.177391,5,437.241946
3.523463,5,437.447311
3.523463,5,437.655631
3.523463,5,437.861967
3.523463,5,438.066298
43.887769,27,439.267703
2.739459,5,439.473542
1.177391,5,439.678859
2.739459,5,439.884229
3.523463,5,440.145128
47.257906,27,441.252693
3.523463,5,441.457045
47.257906,27,442.565598
3.523463,5,442.7734
39.151127,27,443.876007
2.000996,5,444.178148
39.502223,27,445.335086
47.257906,27,446.442683
3.523463,5,446.648988
3.523463,5,446.852375
2.000996,5,447.055734
1.547932,7,447.341433
47.257906,27,448.510197
1.177391,5,448.716019
2.739459,5,448.920368
1.101091,6,449.16589
47.257906,27,450.367361
-8.255235,4,450.531041
1.177391,5,450.737405
42.735451,27,451.84296
47.257906,27,453.001116
1.177391,5,453.205437
1.177391,5,453.410781
2.000996,5,453.615155
2.000996,5,453.820006
42.735451,27,455.02086
0.958535,6,455.265884
2.739459,5,455.471209
2.739459,5,455.676048
3.523463,5,455.879408
2.739459,5,456.083264
47.257906,27,457.239935
47.257906,27,458.346044
3.523463,5,458.551358
2.739459,5,458.756206
42.923695,27,459.861789
2.739459,5,460.06617
47.257906,27,461.322263
2.739459,5,461.528595
2.739459,5,461.733946
2.739459,5,461.938793
3.523463,5,462.144602
47.257906,27,463.251206
2.000996,5,463.45556
2.739459,5,463.65991
47.257906,27,464.765988
47.257906,27,466.024989
42.884937,27,467.13049
3.523463,5,467.335342
1.177391,5,467.539667
1.177391,5,467.746994
2.739459,5,467.955314
47.257906,27,469.077266
3.523463,5,469.281145
2.000996,5,469.485501
2.739459,5,469.756785
39.36885,27,470.867457
1.177391,5,471.071311
3.523463,5,471.372891
3.523463,5,471.579722
42.735451,27,472.684843
1.177391,5,472.889162
3.523463,5,473.095029
47.257906,27,474.258153
1.177391,5,474.462004
1.177391,5,474.666352
2.739459,5,474.873684
1.177391,5,475.077523
2.739459,5,475.28236
42.735451,27,476.388463
1.177391,5,476.689043
2.000996,5,476.894379
42.735451,27,478.000438
42.923695,27,479.160716
42.735451,27,480.270267
42.884937,27,481.375878
38.650478,27,482.631982
2.739459,5,482.837835
2.739459,5,483.042177
42.735451,27,484.147238
42.735451,27,485.253073
2.739459,5,485.457454
42.735451,27,486.617146
42.884937,27,487.818467
42.735451,27,488.926035
1.177391,5,489.130885
2.164299,6,489.378388
3.523463,5,489.58323
2.739459,5,489.787099
-8.255235,4,489.950274
2.419855,7,490.238449
1.177391,5,490.442278
1.177391,5,490.646653
1.177391,5,490.904202
47.257906,27,492.019182
2.739459,5,492.224058
2.000996,5,492.42841
2.000996,5,492.634249
47.257906,27,493.83702
3.523463,5,494.0414
42.735451,27,495.203527
1.177391,5,495.40788
2.739459,5,495.612231
42.735451,27,496.71739
2.739459,5,496.92124
1.177391,5,497.12857
2.164299,6,497.374075
42.735451,27,498.575357
2.000996,5,498.781225
42.735451,27,499.942869
3.523463,5,500.147179
3.523463,5,500.351036
42.735451,27,501.46009
1.177391,5,501.665463
2.739459,5,501.869814
43.476501,27,502.975894
2.000996,5,503.181737
43.283628,27,504.440553
42.884937,27,505.547523
3.523463,5,505.752372
1.177391,5,505.957261
0.251616,7,506.243622
42.735451,27,507.352184
-10.509573,1,507.393325
47.257906,27,508.552007
47.257906,27,509.753318
40.298931,27,510.858378
1.177391,5,511.065706
47.257906,27,512.223322
42.735451,27,513.330871
0.075555,6,513.576886
42.735451,27,514.778186
47.257906,27,515.884775
2.739459,5,516.089102
3.523463,5,516.3525
47.257906,27,517.457069
3.523463,5,517.661444
2.000996,5,517.8658
42.923695,27,518.970883
2.739459,5,519.178188
42.735451,27,520.377589
1.504335,6,520.68054
-0.497675,7,520.967724
3.523463,5,521.17158
3.523463,5,521.375462
2.739459,5,521.580803
42.735451,27,522.68537
42.735451,27,523.793449
47.257906,27,524.95457
1.177391,5,525.158949
42.735451,27,526.363662
1.684627,6,526.609183
47.257906,27,527.716753
42.735451,27,528.876845
2.739459,5,529.081013
2.739459,5,529.285393
47.257906,27,530.389484
2.739459,5,530.593836
2.739459,5,530.895916
1.177391,5,531.099754
42.735451,27,532.204376
2.739459,5,532.409221
47.257906,27,533.576213
42.923695,27,534.684413
3.523463,5,534.891273
2.739459,5,535.096116
3.523463,5,535.300972
3.523463,5,535.508296
0.958535,6,535.754308
42.923695,27,536.953137
2.739459,5,537.157987
47.257906,27,538.319355
0.958535,6,538.566836
40.848312,27,539.673269
47.257906,27,540.779367
0.426404,6,541.028315
3.523463,5,541.233231
42.923695,27,542.487213
42.884937,27,543.593819
1.177391,5,543.80062
47.257906,27,544.906659
42.735451,27,546.071791
-0.04025,6,546.31629
1.177391,5,546.520669
47.257906,27,547.720068
1.177391,5,547.924886
2.739459,5,548.131746
3.523463,5,548.336097
47.257906,27,549.442173
1.177391,5,549.646028
3.523463,5,549.85234
3.523463,5,550.113346
1.177391,5,550.3198
42.735451,27,551.427847
42.735451,27,552.626723
47.257906,27,553.733275
1.177391,5,553.937632
3.523463,5,554.143461
2.739459,5,554.415655
47.257906,27,555.521266
47.257906,27,556.627814
47.257906,27,557.830687
1.177391,5,558.035508
3.523463,5,558.240933
1.177391,5,558.445781
42.735451,27,559.604588
39.36885,27,560.714144
42.735451,27,561.824164
2.739459,5,562.031023
37.868547,27,563.290748
0.060927,8,563.620093
1.177391,5,563.825408
3.523463,5,564.028273
-9.177222,2,564.109616
42.884937,27,565.219608
1.177391,5,565.423491
40.298931,27,566.526099
1.177391,5,566.730455
3.523463,5,566.987874
42.735451,27,568.091966
2.739459,5,568.298774
42.735451,27,569.499114
2.739459,5,569.704465
3.523463,5,569.908789
1.753472,6,570.155797
3.523463,5,570.360672
2.739459,5,570.564996
-1.989975,11,571.014396
2.739459,5,571.2748
3.523463,5,571.479152
47.257906,27,572.584212
-9.21765,3,572.707219
42.884937,27,573.811314
42.884937,27,575.016101
1.177391,5,575.220973
42.923695,27,576.381089
2.739459,5,576.587949
47.257906,27,577.69403
47.257906,27,578.799583
2.424727,7,579.085278
42.735451,27,580.346624
47.257906,27,581.451711
42.735451,27,582.556799
38.21095,27,583.664864
2.739459,5,583.92199
1.504335,6,584.167395
47.257906,27,585.372655
3.523463,5,585.577504
47.257906,27,586.684075
-7.388676,5,586.888896
1.177391,5,587.095728
38.689236,27,588.257358
-8.255235,4,588.420566
42.735451,27,589.526622
38.650478,27,590.727514
0.251616,7,591.011694
-2.059378,7,591.297505
42.923695,27,592.461955
42.923695,27,593.57244
2.739459,5,593.776325
3.523463,5,593.982163
2.739459,5,594.186984
2.739459,5,594.392823
47.257906,27,595.499895
47.257906,27,596.760419
2.739459,5,596.964272
42.735451,27,598.072311
2.739459,5,598.276691
0.958535,6,598.521698
42.735451,27,599.630246
42.884937,27,600.797857
47.257906,27,601.997139
42.735451,27,603.107217
3.523463,5,603.312058
3.523463,5,603.515889
42.735451,27,604.621004
3.523463,5,604.828332
47.257906,27,605.991945
47.257906,27,607.192806
3.523463,5,607.397134
42.884937,27,608.503888
0.958535,6,608.748883
42.735451,27,609.912499
42.735451,27,611.019074
3.523463,5,611.224419
42.735451,27,612.432178
47.257906,27,613.596814
2.739459,5,613.80414
40.326124,27,614.910215
2.739459,5,615.115067
39.553558,27,616.21966
3.523463,5,616.426491
47.257906,27,617.628789
3.523463,5,617.886715
2.739459,5,618.093022
2.739459,5,618.297898
47.257906,27,619.405369
42.735451,27,620.510957
42.735451,27,621.619488
42.735451,27,622.878077
42.735451,27,623.987606
1.177391,5,624.191462
42.735451,27,625.296052
42.735451,27,626.464629
47.257906,27,627.571203
47.257906,27,628.773506
3.523463,5,628.979347
2.000996,5,629.18469
-11.308842,1,629.225858
2.739459,5,629.433682
42.735451,27,630.596305
1.684627,6,630.841291
3.523463,5,631.048706
1.177391,5,631.25303
-9.21765,3,631.375075
47.257906,27,632.482117
3.523463,5,632.685972
2.739459,5,632.892337
3.523463,5,633.096689
-0.482851,8,633.423532
3.523463,5,633.723776
3.523463,5,633.9307
3.523463,5,634.135552
47.257906,27,635.293213
47.257906,27,636.400285
42.735451,27,637.508842
40.326124,27,638.614566
3.523463,5,638.874494
42.735451,27,640.078582
2.739459,5,640.283926
42.735451,27,641.387994
40.326124,27,642.491621
0.060927,8,642.820468
2.739459,5,643.080783
42.735451,27,644.184963
0.958535,6,644.525771
42.884937,27,645.63579
2.739459,5,645.840169
1.504335,6,646.085662
47.257906,27,647.197693
1.177391,5,647.461069
2.739459,5,647.667432
42.735451,27,648.771523
3.523463,5,648.976348
2.739459,5,649.180699
42.735451,27,650.383004
42.735451,27,651.490391
47.257906,27,652.659282
1.504335,6,652.904773
40.298931,27,654.016805
2.739459,5,654.220689
42.735451,27,655.422496
3.523463,5,655.629326
47.257906,27,656.793934
42.735451,27,657.901504
-0.04025,6,658.147017
35.550169,27,659.253597
42.735451,27,660.421979
2.739459,5,660.626832
42.884937,27,661.83015
2.739459,5,662.034503
0.958535,6,662.279994
3.523463,5,662.48487
-10.830402,1,662.52601
3.523463,5,662.733467
42.884937,27,663.838488
42.884937,27,664.99965
42.735451,27,666.204902
42.735451,27,667.312514
41.499579,27,668.420066
42.735451,27,669.585507
2.739459,5,669.79002
-3.840302,8,670.118867
3.523463,5,670.323715
2.739459,5,670.52804
2.739459,5,670.733412
3.523463,5,670.940711
2.739459,5,671.145064
47.257906,27,672.347918
38.609641,27,673.518142
-9.21765,3,673.641675
0.958535,6,673.887167
40.300228,27,674.994263
3.523463,5,675.19859
42.735451,27,676.303329
35.023773,27,677.565561
43.283628,27,678.670169
42.735451,27,679.775262
42.735451,27,680.885389
3.523463,5,681.090233
3.523463,5,681.355069
35.577362,27,682.556408
47.257906,27,683.660499
47.257906,27,684.771042
1.684627,6,685.018028
26.05167,27,686.179858
47.257906,27,687.290413
3.523463,5,687.494764
2.739459,5,687.699131
3.523463,5,687.995725
1.369895,8,688.326061
42.884937,27,689.432133
3.523463,5,689.695984
2.739459,5,689.900857
2.739459,5,690.105183
3.523463,5,690.312015
35.023773,27,691.416143
3.523463,5,691.620986
42.735451,27,692.726046
40.298931,27,693.986056
2.424727,7,694.271724
42.884937,27,695.375352
47.257906,27,696.478457
2.739459,5,696.683275
2.739459,5,696.887654
40.326124,27,697.992801
0.958535,6,698.295427
35.577362,27,699.49726
47.257906,27,700.603338
0.060927,8,700.932681
2.739459,5,701.13651
42.735451,27,702.241622
2.739459,5,702.50203
42.884937,27,703.609593
42.884937,27,704.817232
47.257906,27,705.924931
3.523463,5,706.128814
1.100596,7,706.414511
47.257906,27,707.586061
3.080862,7,707.873713
42.735451,27,708.980816
2.739459,5,709.185656
47.257906,27,710.382976
47.257906,27,711.545942
3.523463,5,711.750294
2.739459,5,711.955145
38.609641,27,713.064201
42.735451,27,714.168222
43.283628,27,715.432029
3.523463,5,715.635885
2.739459,5,715.840235
40.326124,27,716.944314
47.257906,27,718.051907
42.735451,27,719.159959
40.430198,27,720.415332
40.430198,27,721.519902
43.283628,27,722.623501
47.257906,27,723.789997
43.283628,27,724.894062
37.468666,27,726.096365
47.257906,27,727.204428
3.523463,5,727.408307
47.257906,27,728.570933
47.257906,27,729.679623
35.577362,27,730.784607
3.523463,5,730.988988
42.735451,27,732.250118
40.326124,27,733.356227
47.257906,27,734.462295
47.257906,27,735.568358
40.430198,27,736.82825
40.300228,27,737.932307
42.884937,27,739.037893
42.123175,27,740.144936
42.884937,27,741.307644
2.270166,7,741.593865
42.735451,27,742.793
47.257906,27,743.898611
47.257906,27,745.062346
3.523463,5,745.266724
40.430198,27,746.377362
3.523463,5,746.581737
47.257906,27,747.787217
-9.177222,2,747.87005
-7.030675,1,747.910727
47.257906,27,749.076567
33.848103,27,750.182145
2.739459,5,750.388485
2.739459,5,750.592831
34.386193,27,751.697426
2.739459,5,751.901781
40.326124,27,753.16435
42.735451,27,754.269905
40.326124,27,755.379952
2.739459,5,755.584327
47.257906,27,756.690411
47.257906,27,757.855486
3.523463,5,758.060358
1.684627,6,758.400591
3.523463,5,758.606928
42.735451,27,759.720417
42.884937,27,760.832448
40.326124,27,761.996559
29.112389,25,763.022314
2.739459,5,763.226668
3.523463,5,763.431981
3.523463,5,763.733082
40.326124,27,764.835689
47.257906,27,765.999248
42.735451,27,767.104487
42.735451,27,768.210043
47.257906,27,769.413144
47.257906,27,770.578744
2.739459,5,770.783067
44.093791,27,771.890166
2.739459,5,772.094518
38.21095,27,773.198585
3.523463,5,773.405417
40.326124,27,774.662799
40.326124,27,775.76588
-6.946075,3,775.88842
2.739459,5,776.095247
40.326124,27,777.199843
3.523463,5,777.405186
3.523463,5,777.609535
47.257906,27,778.772219
2.739459,5,778.97806
42.735451,27,780.179868
2.739459,5,780.383724
47.257906,27,781.489333
42.735451,27,782.596378
38.21095,27,783.757514
2.739459,5,783.961893
47.257906,27,785.070948
47.257906,27,786.269283
2.739459,5,786.47364
3.523463,5,786.677987
2.739459,5,786.882807
47.257906,27,788.044355
3.523463,5,788.248228
42.735451,27,789.353329
2.739459,5,789.557673
42.735451,27,790.761027
42.735451,27,791.924417
42.735451,27,793.029533
47.257906,27,794.139551
3.523463,5,794.343437
2.739459,5,794.548276
42.735451,27,795.716857
42.735451,27,796.918231
2.739459,5,797.126068
42.735451,27,798.234651
42.735451,27,799.340211
2.739459,5,799.545576
2.739459,5,799.818212
2.739459,5,800.023056
47.257906,27,801.127151
35.023773,27,802.327015
40.326124,27,803.435577
3.523463,5,803.640426
47.257906,27,804.805521
35.023773,27,805.912558
47.257906,27,807.110917
47.257906,27,808.271286
47.257906,27,809.375411
42.884937,27,810.479499
3.523463,5,810.685867
40.326124,27,811.791401
2.739459,5,811.99528
42.884937,27,813.255119
47.257906,27,814.362195
3.523463,5,814.566051
2.739459,5,814.770403
2.739459,5,814.975248
40.326124,27,816.078822
47.257906,27,817.242205
3.523463,5,817.446558
42.735451,27,818.646101
47.257906,27,819.750697
40.326124,27,820.918748
47.257906,27,822.02485
42.735451,27,823.229685
40.326124,27,824.335417
40.430198,27,825.504874
42.735451,27,826.610457
47.257906,27,827.71998
3.523463,5,827.924359
3.523463,5,828.128685
-10.509573,1,828.170378
-9.21765,3,828.292388
2.739459,5,828.591892
47.257906,27,829.755232
47.257906,27,830.860966
42.923695,27,831.966039
40.326124,27,833.070543
42.884937,27,834.333683
47.257906,27,835.440286
40.326124,27,836.546338
42.735451,27,837.71
40.300228,27,838.814491
3.523463,5,839.021847
47.257906,27,840.224935
47.257906,27,841.335479
42.884937,27,842.500582
42.735451,27,843.605695
3.523463,5,843.812005
35.577362,27,845.012894
2.739459,5,845.217246
2.739459,5,845.422561
3.523463,5,845.628401
2.739459,5,845.832781
2.739459,5,846.037106
42.735451,27,847.198785
47.257906,27,848.310881
40.326124,27,849.41644
38.21095,27,850.675318
42.884937,27,851.780938
47.257906,27,852.888076
42.735451,27,853.995642
2.739459,5,854.200022
47.257906,27,855.361654
3.523463,5,855.568481
42.923695,27,856.767785
2.739459,5,856.973159
2.739459,5,857.180459
42.735451,27,858.28458
43.357116,27,859.450179
40.326124,27,860.555135
42.735451,27,861.761045
42.735451,27,862.867124
-8.708298,6,863.17369
40.300228,27,864.276778
3.523463,5,864.481108
3.523463,5,864.685482
3.523463,5,864.892814
42.884937,27,865.99589
42.735451,27,867.193925
40.326124,27,868.358352
47.257906,27,869.462423
35.577362,27,870.569801
42.735451,27,871.733876
38.21095,27,872.939289
42.884937,27,874.047325
42.735451,27,875.152433
47.257906,27,876.320024
2.739459,5,876.52534
3.523463,5,876.732691
2.739459,5,876.939032
2.739459,5,877.143892
42.735451,27,878.345558
42.735451,27,879.447693
3.523463,5,879.654501
40.326124,27,880.816656
42.735451,27,881.921715
3.523463,5,882.128052
-11.308842,1,882.168731
40.326124,27,883.369538
40.326124,27,884.535137
42.884937,27,885.640749
47.257906,27,886.752776
3.523463,5,886.959088
40.326124,27,888.157943
2.739459,5,888.361799
42.735451,27,889.522937
1.068832,6,889.769919
47.257906,27,890.877513
42.884937,27,891.985053
47.257906,27,893.150223
-9.21765,3,893.272237
42.884937,27,894.480985
42.735451,27,895.584612
40.298931,27,896.690692
42.735451,27,897.852791
40.326124,27,899.055036
40.326124,27,900.160619
3.523463,5,900.364943
42.884937,27,901.5302
42.884937,27,902.635782
43.283628,27,903.750766
40.326124,27,904.958542
42.884937,27,906.120089
3.523463,5,906.324965
3.523463,5,906.528794
1.684627,6,906.775333
3.523463,5,906.980192
3.523463,5,907.185532
42.884937,27,908.292186
42.735451,27,909.401716
2.739459,5,909.66164
2.739459,5,909.959274
2.739459,5,910.166106
43.283628,27,911.271193
47.257906,27,912.376295
42.884937,27,913.481461
42.884937,27,914.646858
2.739459,5,914.851179
42.884937,27,916.052518
42.884937,27,917.15857
42.735451,27,918.322681
40.326124,27,919.430462
42.123175,27,920.53952
3.523463,5,920.841286
3.523463,5,921.049565
37.144793,27,922.154184
2.739459,5,922.415666
42.884937,27,923.525307
47.257906,27,924.629928
1.684627,6,924.874956
2.739459,5,925.079804
30.8286,27,926.283568
47.257906,27,927.443916
2.739459,5,927.649281
47.257906,27,928.760326
47.257906,27,929.865883
47.257906,27,931.029029
42.735451,27,932.234311
42.884937,27,933.338382
42.735451,27,934.444989
40.326124,27,935.613066
2.739459,5,935.81841
35.577362,27,937.01872
3.523463,5,937.223572
40.298931,27,938.328655
2.739459,5,938.531992
3.523463,5,938.735877
35.577362,27,939.898437
40.326124,27,941.005031
2.739459,5,941.209364
2.739459,5,941.413243
47.257906,27,942.612577
47.257906,27,943.776185
42.735451,27,944.87979
3.523463,5,945.08414
47.257906,27,946.19022
3.523463,5,946.395538
42.884937,27,947.504623
3.523463,5,947.866771
3.523463,5,948.071642
2.739459,5,948.275503
42.735451,27,949.384552
2.739459,5,949.589377
42.735451,27,950.693004
42.735451,27,951.79858
40.300228,27,952.963664
3.523463,5,953.266075
43.283628,27,954.376093
40.326124,27,955.479693
47.257906,27,956.643837
2.739459,5,956.851133
47.257906,27,957.957707
2.739459,5,958.163578
2.739459,5,958.369388
2.739459,5,958.668003
2.739459,5,958.872855
40.326124,27,959.978938
40.326124,27,961.141956
42.735451,27,962.249552
2.739459,5,962.4544
42.884937,27,963.56045
47.257906,27,964.82638
40.326124,27,965.933919
3.523463,5,966.138798
39.36885,27,967.242889
3.523463,5,967.447711
42.735451,27,968.557289
42.735451,27,969.814651
3.523463,5,970.018505
42.735451,27,971.126705
43.283628,27,972.230692
1.753472,6,972.476212
3.523463,5,972.681134
2.739459,5,972.886967
47.257906,27,974.059511
42.735451,27,975.261452
40.326124,27,976.366151
42.735451,27,977.526872
42.884937,27,978.635404
3.523463,5,978.840776
40.326124,27,979.951391
42.884937,27,981.155702
42.884937,27,982.322775
2.739459,5,982.528097
40.300228,27,983.632688
42.735451,27,984.738072
3.523463,5,984.944378
1.684627,6,985.189426
3.523463,5,985.394281
35.577362,27,986.657741
2.739459,5,986.8621
40.326124,27,987.975093
3.523463,5,988.179468
2.739459,5,988.387269
2.739459,5,988.591168
35.577362,27,989.694946
40.326124,27,990.856084
47.257906,27,992.057064
40.430198,27,993.163634
40.326124,27,994.331685
3.523463,5,994.539012
2.739459,5,994.742897
-9.21765,3,994.866379
3.523463,5,995.070725
3.523463,5,995.277061
3.523463,5,995.481937
42.735451,27,996.682724
47.257906,27,997.786323
42.123175,27,998.951391
42.884937,27,1000.059429
-10.509573,1,1000.100622
40.326124,27,1001.20422
47.257906,27,1002.407843
47.257906,27,1003.57429
40.326124,27,1004.680369
42.884937,27,1005.783997
3.523463,5,1005.988818
40.326124,27,1007.149486
42.735451,27,1008.351262
47.257906,27,1009.457318
34.862191,27,1010.564417
42.735451,27,1011.725524
42.735451,27,1012.928324
3.523463,5,1013.13218
3.523463,5,1013.337055
40.326124,27,1014.442654
42.123175,27,1015.606601
42.884937,27,1016.712677
42.735451,27,1017.820723
40.326124,27,1019.024018
42.735451,27,1020.186673
2.739459,5,1020.391489
2.739459,5,1020.596337
3.523463,5,1020.800192
3.523463,5,1021.00509
2.739459,5,1021.209912
40.300228,27,1022.318448
42.735451,27,1023.424058
2.739459,5,1023.724634
2.739459,5,1023.987995
42.735451,27,1025.094557
40.326124,27,1026.208106
3.523463,5,1026.411892
43.283628,27,1027.518445
35.577362,27,1028.683545
43.283628,27,1029.882873
47.257906,27,1030.988454
2.739459,5,1031.193302
42.735451,27,1032.361253
47.257906,27,1033.468335
40.326124,27,1034.66967
30.8286,27,1035.773769
35.577362,27,1036.932893
40.326124,27,1038.037512
40.326124,27,1039.142606
3.523463,5,1039.345932
42.735451,27,1040.54876
42.735451,27,1041.710881
37.89574,27,1042.815973
42.735451,27,1043.924532
3.523463,5,1044.128361
3.523463,5,1044.333733
42.735451,27,1045.594358
42.735451,27,1046.698449
40.326124,27,1047.80306
42.884937,27,1048.910115
42.884937,27,1050.075687
3.523463,5,1050.279566
2.739459,5,1050.483425
43.283628,27,1051.682253
42.735451,27,1052.791287
42.884937,27,1053.955299
42.735451,27,1055.061903
3.523463,5,1055.268734
42.735451,27,1056.472993
47.257906,27,1057.579097
3.523463,5,1057.840988
2.739459,5,1058.044839
42.884937,27,1059.147947
42.884937,27,1060.253564
3.523463,5,1060.460425
3.523463,5,1060.664748
3.523463,5,1060.868604
42.884937,27,1062.126949
47.257906,27,1063.232009
2.739459,5,1063.436884
2.739459,5,1063.641209
42.735451,27,1064.747315
40.326124,27,1065.853862
2.739459,5,1066.057748
42.735451,27,1067.311101
43.283628,27,1068.415249
47.257906,27,1069.51935
42.884937,27,1070.689436
40.326124,27,1071.795085
42.735451,27,1073.001851
40.326124,27,1074.107938
43.283628,27,1075.269393
3.523463,5,1075.477222
3.523463,5,1075.681078
3.523463,5,1075.885921
47.257906,27,1076.995049
3.523463,5,1077.198941
42.735451,27,1078.40192
3.523463,5,1078.605774
42.884937,27,1079.772967
3.523463,5,1079.981283
40.326124,27,1081.088271
42.735451,27,1082.201293
3.523463,5,1082.405646
43.283628,27,1083.659064
40.326124,27,1084.765144
42.884937,27,1085.869212
2.739459,5,1086.076568
47.257906,27,1087.180665
42.735451,27,1088.344249
42.884937,27,1089.544592
42.884937,27,1090.651641
42.884937,27,1091.822227
40.326124,27,1092.929298
3.523463,5,1093.135638
43.357116,27,1094.342919
40.326124,27,1095.44803
3.523463,5,1095.654866
2.739459,5,1095.915963
38.227419,27,1097.022036
2.739459,5,1097.225891
42.735451,27,1098.334918
40.326124,27,1099.544096
2.739459,5,1099.748977
42.735451,27,1100.917409
40.326124,27,1102.023512
2.739459,5,1102.227868
3.523463,5,1102.4342
42.735451,27,1103.540258
42.884937,27,1104.704397
3.523463,5,1105.003457
47.257906,27,1106.11203
42.884937,27,1107.217133
42.884937,27,1108.322715
3.523463,5,1108.589067
42.735451,27,1109.693658
2.739459,5,1109.897994
3.523463,5,1110.101867
47.257906,27,1111.303672
30.8286,27,1112.409754
42.735451,27,1113.571383
47.257906,27,1114.679917
3.523463,5,1114.884762
42.884937,27,1116.085623
40.326124,27,1117.254695
2.739459,5,1117.45855
40.326124,27,1118.562147
3.523463,5,1118.765509
42.735451,27,1119.868585
2.739459,5,1120.072464
42.884937,27,1121.332066
3.523463,5,1121.53638
42.735451,27,1122.645407
47.257906,27,1123.750495
40.300228,27,1124.856102
42.735451,27,1126.027133
3.523463,5,1126.232008
3.523463,5,1126.533577
2.739459,5,1126.736937
40.326124,27,1127.841528
42.735451,27,1128.948571
40.326124,27,1130.111691
42.884937,27,1131.216802
47.257906,27,1132.417796
2.739459,5,1132.623131
40.326124,27,1133.730213
47.257906,27,1134.89309
42.735451,27,1136.003137
42.735451,27,1137.108744
3.523463,5,1137.411809
47.257906,27,1138.578435
40.326124,27,1139.690933
42.735451,27,1140.796047
42.735451,27,1141.900869
3.523463,5,1142.105242
42.884937,27,1143.365854
47.257906,27,1144.47243
47.257906,27,1145.57754
47.257906,27,1146.740636
40.298931,27,1147.846219
2.739459,5,1148.152251
42.735451,27,1149.256872
3.523463,5,1149.461221
42.884937,27,1150.565317
3.523463,5,1150.825717
42.884937,27,1151.93768
47.257906,27,1153.04425
2.739459,5,1153.253044
2.739459,5,1153.554144
42.884937,27,1154.659699
47.257906,27,1155.834234
42.884937,27,1156.943785
42.884937,27,1158.049864
47.257906,27,1159.251148
42.735451,27,1160.414597
47.257906,27,1161.520697
47.257906,27,1162.627748
42.735451,27,1163.801799
42.735451,27,1165.001629
47.257906,27,1166.107678
-9.520836,2,1166.192522
40.300228,27,1167.298077
3.523463,5,1167.502454
3.523463,5,1167.761836
42.884937,27,1168.866952
2.739459,5,1169.07279
40.326124,27,1170.27563
40.326124,27,1171.381214
3.523463,5,1171.586063
2.739459,5,1171.792456
40.326124,27,1172.959351
43.283628,27,1174.066912
42.884937,27,1175.268047
42.884937,27,1176.442677
40.326124,27,1177.551732
40.300228,27,1178.657315
42.884937,27,1179.763395
3.523463,5,1179.969755
42.884937,27,1181.230187
2.739459,5,1181.437017
42.735451,27,1182.537117
42.884937,27,1183.645676
40.326124,27,1184.805846
2.739459,5,1185.01069
3.523463,5,1185.215046
38.227419,27,1186.417645
40.326124,27,1187.523722
42.884937,27,1188.630787
3.523463,5,1188.837604
42.884937,27,1189.997758
42.735451,27,1191.10334
3.523463,5,1191.307224
2.739459,5,1191.606317
3.523463,5,1191.812648
40.430198,27,1192.916745
3.523463,5,1193.188523
40.300228,27,1194.292642
3.523463,5,1194.49697
42.735451,27,1195.602581
3.523463,5,1195.81041
40.300228,27,1197.010782
47.257906,27,1198.174738
40.300228,27,1199.281292
3.523463,5,1199.485173
3.523463,5,1199.688532
36.959522,27,1200.794613
3.523463,5,1201.000425
47.257906,27,1202.163716
47.257906,27,1203.363764
3.523463,5,1203.568086
-9.21765,3,1203.693597
43.283628,27,1204.799156
38.21095,27,1205.961834
3.523463,5,1206.168664
42.884937,27,1207.27326
42.884937,27,1208.476052
40.300228,27,1209.580152
2.739459,5,1209.78646
42.735451,27,1210.958535
47.257906,27,1212.063122
42.735451,27,1213.266912
40.326124,27,1214.434004
47.257906,27,1215.541048
3.523463,5,1215.748902
2.739459,5,1215.952755
42.735451,27,1217.065282
42.735451,27,1218.169351
42.735451,27,1219.43228
42.735451,27,1220.539843
2.739459,5,1220.743703
42.735451,27,1221.850251
47.257906,27,1223.014472
40.326124,27,1224.21579
42.884937,27,1225.320381
40.326124,27,1226.426929
3.523463,5,1226.630316
40.326124,27,1227.801344
40.300228,27,1228.906459
47.257906,27,1230.108799
42.735451,27,1231.27293
41.499579,27,1232.379018
40.326124,27,1233.488569
40.326124,27,1234.597128
40.326124,27,1235.864875
47.257906,27,1236.977926
3.523463,5,1237.181754
42.735451,27,1238.28585
42.735451,27,1239.390441
40.326124,27,1240.658042
2.739459,5,1240.862339
3.523463,5,1241.068182
40.326124,27,1242.173738
3.523463,5,1242.378586
3.523463,5,1242.582966
2.739459,5,1242.790272
47.257906,27,1243.952889
2.739459,5,1244.158272
3.523463,5,1244.363577
3.523463,5,1244.56844
2.739459,5,1244.772804
40.326124,27,1245.971122
3.523463,5,1246.176498
37.89574,27,1247.284034
42.884937,27,1248.447673
38.21095,27,1249.553755
42.884937,27,1250.662311
3.523463,5,1250.866143
40.326124,27,1252.069092
43.283628,27,1253.23766
47.257906,27,1254.345706
40.326124,27,1255.452796
40.326124,27,1256.715857
3.523463,5,1256.920706
42.735451,27,1258.025364
2.739459,5,1258.229716
40.326124,27,1259.338303
38.227419,27,1260.443389
3.523463,5,1260.647742
47.257906,27,1261.807886
3.523463,5,1262.103985
42.884937,27,1263.211536
37.54322,27,1264.316624
42.884937,27,1265.483779
42.735451,27,1266.590196
42.884937,27,1267.792309
42.735451,27,1268.903814
40.300228,27,1270.066037
47.257906,27,1271.1711
42.884937,27,1272.279687
47.257906,27,1273.480004
42.884937,27,1274.649451
42.735451,27,1275.754591
42.735451,27,1276.859648
2.739459,5,1277.064496
40.326124,27,1278.334764
42.735451,27,1279.439835
47.257906,27,1280.5469
40.326124,27,1281.652014
42.735451,27,1282.816678
42.735451,27,1284.018486
3.523463,5,1284.224353
38.21095,27,1285.32894
3.523463,5,1285.534282
47.257906,27,1286.692447
2.739459,5,1286.89681
37.89574,27,1288.003375
2.739459,5,1288.209687
38.21095,27,1289.412643
47.257906,27,1290.576268
3.523463,5,1290.780596
40.326124,27,1291.887172
34.502796,27,1292.993882
2.739459,5,1293.202204
47.257906,27,1294.399552
40.326124,27,1295.562175
3.523463,5,1295.766499
42.884937,27,1296.874094
43.283628,27,1297.98216
42.735451,27,1299.15096
42.735451,27,1300.352301
42.735451,27,1301.457853
42.735451,27,1302.568921
42.735451,27,1303.739136
43.357116,27,1304.842763
3.523463,5,1305.047114
38.609641,27,1306.256619
47.257906,27,1307.364697
42.884937,27,1308.535083
47.257906,27,1309.645108
43.283628,27,1310.848111
34.834475,27,1312.016043
3.523463,5,1312.219899
44.093791,27,1313.328982
47.257906,27,1314.436549
32.531139,27,1315.541632
3.523463,5,1315.745989
47.257906,27,1317.010816
1.272092,6,1317.259312
42.735451,27,1318.36338
43.283628,27,1319.469488
43.283628,27,1320.636078
42.123175,27,1321.837478
47.257906,27,1322.942069
47.257906,27,1324.049637
33.575293,27,1325.211922
40.300228,27,1326.317533
3.523463,5,1326.521384
35.382867,27,1327.722282
37.64956,27,1328.884446
42.735451,27,1329.991014
40.737008,27,1331.097065
40.430198,27,1332.20612
42.123175,27,1333.472904
44.093791,27,1334.576999
37.89574,27,1335.681589
47.257906,27,1336.790149
43.357116,27,1338.059956
42.884937,27,1339.165019
38.227419,27,1340.272398
3.523463,5,1340.479699
3.523463,5,1340.68405
47.257906,27,1341.849677
40.300228,27,1342.954737
37.89574,27,1344.155083
40.300228,27,1345.261632
43.283628,27,1346.43686
47.257906,27,1347.53994
40.737008,27,1348.741327
40.866978,27,1349.915499
38.147635,27,1351.02143
35.382867,27,1352.12999
42.884937,27,1353.237035
42.735451,27,1354.49964
34.502796,27,1355.606216
42.884937,27,1356.710805
43.357116,27,1357.823418
38.147635,27,1358.990953
34.569807,27,1360.191847
34.569807,27,1361.295942
42.735451,27,1362.401521
40.300228,27,1363.580093
47.257906,27,1364.685149
42.884937,27,1365.885948
43.357116,27,1367.054043
38.147635,27,1368.162579
33.267813,27,1369.272186
37.89574,27,1370.473995
47.257906,27,1371.64753
40.326124,27,1372.756585
47.257906,27,1373.862664
40.866978,27,1374.975193
35.306481,27,1376.241522
40.300228,27,1377.346614
40.430198,27,1378.453972
47.257906,27,1379.623016
34.502796,27,1380.730115
38.88431,27,1381.930985
43.283628,27,1383.037518
42.735451,27,1384.207562
42.735451,27,1385.312679
37.89574,27,1386.418687
28.312992,27,1387.622581
47.257906,27,1388.797136
44.093791,27,1389.905195
29.066056,27,1391.013295
37.89574,27,1392.289011
41.603652,27,1393.406469
32.36767,27,1394.51208
40.430198,27,1395.61568
37.89574,27,1396.784747
47.257906,27,1397.983789
42.884937,27,1399.089841
47.257906,27,1400.19942
40.866978,27,1401.365019
34.834475,27,1402.470045
31.691234,27,1403.675324
47.257906,27,1404.7789
35.306481,27,1405.95475
47.257906,27,1407.06033
47.257906,27,1408.165918
40.737008,27,1409.427794
34.502796,27,1410.533871
41.603652,27,1411.637961
38.413088,27,1412.742576
34.502796,27,1414.013511
28.902135,27,1415.121598
43.357116,27,1416.225197
43.283628,27,1417.329789
47.257906,27,1418.501831
41.473683,27,1419.703675
44.093791,27,1420.812726
42.735451,27,1421.982294
43.283628,27,1423.089889
42.735451,27,1424.194452
32.839849,27,1425.400227
38.88431,27,1426.573763
47.257906,27,1427.679373
47.257906,27,1428.785425
40.866978,27,1429.987751
44.093791,27,1431.164736
40.430198,27,1432.274287
38.88431,27,1433.379894
34.502796,27,1434.556046
41.603652,27,1435.763644
44.093791,27,1436.87159
41.603652,27,1437.977665
35.987156,27,1439.156633
35.306481,27,1440.261225
42.735451,27,1441.466461
38.88431,27,1442.571053
41.603652,27,1443.742505
43.283628,27,1444.850591
44.093791,27,1445.954664
37.89574,27,1447.160469
38.88431,27,1448.354251
41.603652,27,1449.459818
44.093791,27,1450.568874
37.89574,27,1451.835666
44.093791,27,1452.940743
38.88431,27,1454.049325
41.603652,27,1455.153893
47.257906,27,1456.3349
44.093791,27,1457.535101
47.257906,27,1458.638695
29.68695,27,1459.747307
44.093791,27,1460.923869
47.257906,27,1462.027964
40.430198,27,1463.232294
34.502796,27,1464.406348
43.357116,27,1465.514389
35.306481,27,1466.618012
35.306481,27,1467.725584
47.257906,27,1468.993451
42.884937,27,1470.100488
44.093791,27,1471.207091
42.123175,27,1472.315622
42.884937,27,1473.600094
44.093791,27,1474.710127
43.283628,27,1475.813255
38.88431,27,1476.917843
43.283628,27,1478.093583
38.147635,27,1479.295367
33.267813,27,1480.400481
32.458999,27,1481.578318
41.603652,27,1482.684906
47.257906,27,1483.791936
40.866978,27,1484.992775
41.499579,27,1486.178604
35.306481,27,1487.287532
34.502796,27,1488.39612
42.884937,27,1489.503064
38.88431,27,1490.780911
32.845272,27,1491.888011
38.88431,27,1492.991581
43.283628,27,1494.176096
38.612234,27,1495.377906
42.884937,27,1496.484504
47.257906,27,1497.591084
35.306481,27,1498.767657
38.609641,27,1499.876742
43.283628,27,1501.076447
41.603652,27,1502.181529
35.306481,27,1503.3595
35.306481,27,1504.470567
47.257906,27,1505.575653
35.306481,27,1506.851865
44.093791,27,1507.958944
38.88431,27,1509.065023
44.093791,27,1510.168128
41.603652,27,1511.344868
44.093791,27,1512.549179
42.884937,27,1513.657138
43.283628,27,1514.764706
35.306481,27,1515.952329
38.88431,27,1517.156644
41.603652,27,1518.260713
42.123175,27,1519.367315
35.306481,27,1520.535417
41.603652,27,1521.641001
38.88431,27,1522.845289
44.093791,27,1524.024205
47.257906,27,1525.128798
35.306481,27,1526.233385
44.093791,27,1527.340458
44.093791,27,1528.606606
41.603652,27,1529.714234
41.603652,27,1530.821801
35.306481,27,1531.930365
41.603652,27,1533.104392
35.306481,27,1534.30353
35.103221,27,1535.410603
38.88431,27,1536.596542
47.257906,27,1537.700164
44.093791,27,1538.900956
42.123175,27,1540.005051
44.093791,27,1541.184042
41.603652,27,1542.290618
35.306481,27,1543.3992
38.88431,27,1544.604725
38.88431,27,1545.780719
42.123175,27,1546.889305
41.603652,27,1547.997365
34.194094,27,1549.178276
44.093791,27,1550.382458
41.603652,27,1551.492033
47.257906,27,1552.596622
44.093791,27,1553.7757
38.88431,27,1554.881782
35.306481,27,1556.083075
47.257906,27,1557.188164
44.093791,27,1558.364648
42.123175,27,1559.467283
40.866978,27,1560.669896
35.306481,27,1561.775928
38.88431,27,1562.953404
44.093791,27,1564.058491
35.306481,27,1565.163578
42.123175,27,1566.437271
47.257906,27,1567.542845
42.884937,27,1568.647932
41.603652,27,1569.753019
47.257906,27,1570.929556
35.306481,27,1572.131493
44.093791,27,1573.237052
38.88431,27,1574.34266
41.603652,27,1575.521627
38.88431,27,1576.720982
38.88431,27,1577.827057
44.093791,27,1579.005342
47.257906,27,1580.110896
41.473683,27,1581.216007
29.689985,27,1582.418806
41.603652,27,1583.589838
35.306481,27,1584.695481
47.257906,27,1585.802053
44.093791,27,1586.907144
35.306481,27,1588.176359
42.884937,27,1589.282461
42.123175,27,1590.38755
35.306481,27,1591.497594
43.283628,27,1592.680576
47.257906,27,1593.883455
-9.21765,3,1594.005967
35.306481,27,1595.112051
41.603652,27,1596.29162
42.884937,27,1597.396211
47.257906,27,1598.597494
35.306481,27,1599.705586
41.603652,27,1600.887905
43.283628,27,1601.994933
41.603652,27,1603.102001
42.884937,27,1604.304567
44.093791,27,1605.4726
35.306481,27,1606.583612
43.283628,27,1607.690187
35.306481,27,1608.866698
47.257906,27,1610.071796
44.093791,27,1611.174404
38.88431,27,1612.279645
35.306481,27,1613.458643
35.306481,27,1614.568689
35.306481,27,1615.773695
38.88431,27,1616.879802
42.123175,27,1618.054824
38.88431,27,1619.159885
41.603652,27,1620.361817
41.603652,27,1621.543773
35.306481,27,1622.650844
35.306481,27,1623.756399
47.257906,27,1624.864959
41.603652,27,1626.146653
42.123175,27,1627.253228
47.257906,27,1628.359024
38.88431,27,1629.462888
38.88431,27,1630.633322
35.306481,27,1631.839983
41.603652,27,1632.946057
35.306481,27,1634.117708
47.257906,27,1635.223437
47.257906,27,1636.331002
38.88431,27,1637.532318
47.257906,27,1638.705326
41.603652,27,1639.812114
35.306481,27,1640.924175
47.257906,27,1642.126927
41.603652,27,1643.305913
44.093791,27,1644.411473
43.283628,27,1645.519537
42.884937,27,1646.624651
43.283628,27,1647.90287
38.88431,27,1649.009473
35.306481,27,1650.121008
38.88431,27,1651.29206
41.603652,27,1652.396627
44.093791,27,1653.595955
38.88431,27,1654.702061
42.123175,27,1655.882047
38.88431,27,1656.987628
35.306481,27,1658.188939
41.603652,27,1659.298487
35.306481,27,1660.474998
41.603652,27,1661.586537
44.093791,27,1662.692587
35.263634,27,1663.965417
44.093791,27,1665.075465
47.257906,27,1666.181123
41.603652,27,1667.283239
44.093791,27,1668.455283
43.283628,27,1669.656838
47.257906,27,1670.760932
47.257906,27,1671.865992
44.093791,27,1673.048479
41.603652,27,1674.153047
44.093791,27,1675.35535
47.257906,27,1676.533565
35.306481,27,1677.639212
44.093791,27,1678.742313
38.88431,27,1679.942611
47.257906,27,1681.122022
44.093791,27,1682.227638
42.123175,27,1683.33222
42.123175,27,1684.439292
42.123175,27,1685.709074
43.283628,27,1686.814656
40.430198,27,1687.92126
42.123175,27,1689.027961
38.909159,27,1690.197501
44.093791,27,1691.402273
43.283628,27,1692.507833
44.093791,27,1693.689853
35.306481,27,1694.798419
35.306481,27,1695.906974
38.88431,27,1697.107991
44.093791,27,1698.28612
47.257906,27,1699.397655
38.88431,27,1700.503762
35.306481,27,1701.711307
44.093791,27,1702.884432
35.306481,27,1703.992472
47.257906,27,1705.098078
43.283628,27,1706.280045
38.88431,27,1707.480342
42.123175,27,1708.586351
38.88431,27,1709.692937
38.88431,27,1710.87046
42.123175,27,1711.976045
41.603652,27,1713.179713
42.123175,27,1714.287282
41.603652,27,1715.461313
47.257906,27,1716.568595
47.257906,27,1717.676162
41.603652,27,1718.878494
35.306481,27,1720.056548
41.603652,27,1721.169593
43.283628,27,1722.277662
47.257906,27,1723.55587
47.257906,27,1724.659966
43.283628,27,1725.763069
41.603652,27,1726.869149
38.88431,27,1728.046624
40.737008,27,1729.246676
37.21824,27,1730.351268
35.306481,27,1731.457358
44.093791,27,1732.642786
35.306481,27,1733.748557
35.306481,27,1734.953277
41.603652,27,1736.129387
42.884937,27,1737.239866
47.257906,27,1738.346442
41.603652,27,1739.454499
41.603652,27,1740.717789
41.603652,27,1741.82588
41.603652,27,1742.932949
44.093791,27,1744.03801
42.123175,27,1745.315223
38.88431,27,1746.42331
47.257906,27,1747.531147
41.603652,27,1748.711156
38.88431,27,1749.816245
38.88431,27,1751.017923
41.603652,27,1752.122018
44.093791,27,1753.302137
44.093791,27,1754.408806
47.257906,27,1755.514389
44.093791,27,1756.718219
38.88431,27,1757.897216
47.257906,27,1759.003767
42.884937,27,1760.112422
47.257906,27,1761.218996
38.88431,27,1762.490222
42.884937,27,1763.596825
44.093791,27,1764.703372
35.306481,27,1765.894763
35.306481,27,1767.096075
35.306481,27,1768.200666
47.257906,27,1769.305258
41.603652,27,1770.487225
40.866978,27,1771.592808
42.123175,27,1772.799603
35.306481,27,1773.90518
44.093791,27,1775.096644
44.093791,27,1776.201344
47.257906,27,1777.310403
41.603652,27,1778.58165
41.603652,27,1779.686223
35.306481,27,1780.792822
35.306481,27,1781.901487
47.257906,27,1783.073334
47.257906,27,1784.278339
41.603652,27,1785.382433
30.482575,27,1786.491461
47.257906,27,1787.670481
38.88431,27,1788.873252
47.257906,27,1789.978859
47.257906,27,1791.154372
44.093791,27,1792.260435
44.093791,27,1793.367506
38.88431,27,1794.566564
44.093791,27,1795.750357
44.093791,27,1796.85592
41.603652,27,1797.96401
47.257906,27,1799.07257
44.093791,27,1800.345151
43.283628,27,1801.450228
41.603652,27,1802.555802
42.884937,27,1803.659428
35.306481,27,1804.933286
42.884937,27,1806.040333
35.306481,27,1807.145947
47.257906,27,1808.321099
43.283628,27,1809.427206
47.257906,27,1810.633976
47.257906,27,1811.743525
47.257906,27,1812.92046
42.884937,27,1814.032023
44.093791,27,1815.137106
41.603652,27,1816.336881
38.88431,27,1817.518886
44.093791,27,1818.623946
41.603652,27,1819.73005
35.306481,27,1820.906122
35.987156,27,1822.107617
44.093791,27,1823.212801
47.257906,27,1824.318851
38.88431,27,1825.509274
42.884937,27,1826.71263
35.306481,27,1827.816695
38.88431,27,1828.925229
35.306481,27,1830.098761
41.603652,27,1831.206214
47.257906,27,1832.410998
44.093791,27,1833.517075
42.884937,27,1834.696564
47.257906,27,1835.802148
38.88431,27,1836.91021
38.88431,27,1838.20056
41.603652,27,1839.306643
38.88431,27,1840.418182
35.306481,27,1841.527727
47.257906,27,1842.707682
41.603652,27,1843.912496
35.306481,27,1845.01508
47.257906,27,1846.121678
44.093791,27,1847.304158
35.306481,27,1848.513898
35.306481,27,1849.61946
43.283628,27,1850.801625
47.257906,27,1851.906216
42.884937,27,1853.014274
38.88431,27,1854.218175
44.093791,27,1855.396184
35.306481,27,1856.504741
42.884937,27,1857.607353
35.306481,27,1858.714424
44.093791,27,1859.981192
35.306481,27,1861.08825
42.884937,27,1862.192869
38.88431,27,1863.383167
47.257906,27,1864.490211
44.093791,27,1865.690034
35.306481,27,1866.794158
42.884937,27,1867.971159
44.093791,27,1869.076715
35.306481,27,1870.283828
42.884937,27,1871.390386
47.257906,27,1872.564436
38.88431,27,1873.669495
38.88431,27,1874.778843
42.884937,27,1875.983157
47.257906,27,1877.164508
44.093791,27,1878.271061
43.283628,27,1879.378165
35.306481,27,1880.551192
47.257906,27,1881.751512
42.123175,27,1882.856599
44.093791,27,1883.966167
44.093791,27,1885.141641
41.603652,27,1886.246259
35.306481,27,1887.446815
42.884937,27,1888.554877
41.603652,27,1889.732404
35.306481,27,1890.840838
41.603652,27,1892.040175
41.603652,27,1893.216674
41.603652,27,1894.324243
42.884937,27,1895.427815
35.306481,27,1896.533923
35.306481,27,1897.811395
44.093791,27,1898.916009
41.603652,27,1900.021073
43.357116,27,1901.132649
35.306481,27,1902.307776
41.603652,27,1903.509114
42.884937,27,1904.618141
47.257906,27,1905.800931
38.88431,27,1906.905026
38.88431,27,1908.010089
44.093791,27,1909.212861
44.093791,27,1910.389446
47.257906,27,1911.497014
47.257906,27,1912.607082
41.603652,27,1913.808133
47.257906,27,1914.981817
41.603652,27,1916.085417
35.306481,27,1917.194963
42.884937,27,1918.301047
44.093791,27,1919.582532
38.88431,27,1920.688615
43.283628,27,1921.798054
47.257906,27,1922.970601
47.257906,27,1924.079654
44.093791,27,1925.281445
41.603652,27,1926.391109
38.88431,27,1927.567405
44.093791,27,1928.673461
42.884937,27,1929.777087
35.306481,27,1930.980339
42.884937,27,1932.15326
35.306481,27,1933.259827
42.735451,27,1934.364431
42.884937,27,1935.637631
41.603652,27,1936.747162
43.283628,27,1937.854241
38.88431,27,1938.958301
43.283628,27,1940.141329
41.603652,27,1941.341192
47.257906,27,1942.444325
29.981949,27,1943.552359
38.88431,27,1944.732369
47.257906,27,1945.834476
42.884937,27,1947.037971
47.257906,27,1948.148046
47.257906,27,1949.319597
35.306481,27,1950.424189
42.884937,27,1951.625031
35.306481,27,1952.81364
41.603652,27,1953.920243
42.123175,27,1955.028774
38.88431,27,1956.135372
38.88431,27,1957.411078
35.306481,27,1958.516137
38.88431,27,1959.620755
38.88431,27,1960.722867
44.093791,27,1961.902358
38.88431,27,1963.106992
44.093791,27,1964.213556
41.603652,27,1965.384961
41.473683,27,1966.491066
43.283628,27,1967.595164
34.502796,27,1968.794997
44.093791,27,1969.97179
43.283628,27,1971.08035
35.306481,27,1972.186431
42.123175,27,1973.384788
41.603652,27,1974.562767
44.093791,27,1975.673777
44.093791,27,1976.781344
43.283628,27,1977.960832
35.306481,27,1979.162639
35.306481,27,1980.274698
35.306481,27,1981.381246
43.283628,27,1982.55301
47.257906,27,1983.658242
47.257906,27,1984.858094
44.093791,27,1985.963181
38.612234,27,1987.137859
42.123175,27,1988.246496
38.88431,27,1989.351116
42.123175,27,1990.55267
44.093791,27,1991.733262
35.306481,27,1992.841825
41.603652,27,1993.947404
41.603652,27,1995.232107
35.306481,27,1996.336692
44.093791,27,1997.444727
41.603652,27,1998.55527
38.88431,27,1999.728317
47.257906,27,2000.928659
38.88431,27,2002.033248
44.093791,27,2003.136455
41.603652,27,2004.326247
41.603652,27,2005.430816
35.306481,27,2006.633169
42.884937,27,2007.8127
47.257906,27,2008.923198
44.093791,27,2010.030766
38.88431,27,2011.136354
35.306481,27,2012.418013
38.88431,27,2013.524595
47.257906,27,2014.632655
38.909159,27,2015.738238
47.257906,27,2017.016535
38.88431,27,2018.122186
41.603652,27,2019.231242
41.603652,27,2020.400833
47.257906,27,2021.509368
47.257906,27,2022.719156
42.884937,27,2023.825731
38.88431,27,2025.008382
38.88431,27,2026.114434
43.283628,27,2027.220541
44.093791,27,2028.423363
47.257906,27,2029.596661
43.283628,27,2030.701742
42.884937,27,2031.812268
44.093791,27,2032.918872
38.88431,27,2034.196181
43.283628,27,2035.301761
35.306481,27,2036.406821
41.603652,27,2037.589779
43.283628,27,2038.789106
41.603652,27,2039.893844
41.603652,27,2041.005766
44.093791,27,2042.189745
38.88431,27,2043.296736
35.306481,27,2044.50135
38.88431,27,2045.604948
44.093791,27,2046.781232
41.603652,27,2047.89128
42.884937,27,2048.995896
44.093791,27,2050.275413
47.257906,27,2051.387417
47.257906,27,2052.493524
43.283628,27,2053.599576
47.257906,27,2054.784925
41.603652,27,2055.989208
38.88431,27,2057.097776
41.603652,27,2058.206802
41.603652,27,2059.386312
47.257906,27,2060.594658
35.306481,27,2061.700218
35.306481,27,2062.806917
41.603652,27,2063.988665
47.257906,27,2065.097719
47.257906,27,2066.299555
42.884937,27,2067.474083
42.123175,27,2068.58709
35.306481,27,2069.69416
47.257906,27,2070.801756
44.093791,27,2072.072379
35.306481,27,2073.177438
42.884937,27,2074.285029
35.535711,27,2075.389477
42.884937,27,2076.563462
35.306481,27,2077.766223
35.306481,27,2078.872825
47.257906,27,2080.047845
38.88431,27,2081.156446
38.88431,27,2082.359666
35.306481,27,2083.466735
35.306481,27,2084.647254
47.257906,27,2085.753307
47.257906,27,2086.858394
38.88431,27,2088.061221
41.603652,27,2089.239982
33.243963,27,2090.345565
47.257906,27,2091.450874
38.88431,27,2092.635082
35.306481,27,2093.838294
47.257906,27,2094.943384
41.603652,27,2096.04646
41.603652,27,2097.226025
43.283628,27,2098.427818
44.093791,27,2099.5333
41.603652,27,2100.637891
35.306481,27,2101.810466
41.603652,27,2102.917014
41.603652,27,2104.115937
42.884937,27,2105.222017
38.88431,27,2106.406939
47.257906,27,2107.513521
44.093791,27,2108.623046
41.603652,27,2109.895203
38.88431,27,2111.001733
44.093791,27,2112.107293
42.884937,27,2113.214388
41.603652,27,2114.390993
35.306481,27,2115.593296
38.88431,27,2116.697887
35.306481,27,2117.806971
47.257906,27,2118.987957
