#{"t_start": 1721471719.0888896, "env_id": "None"}
r,l,t
-9.502464,1,0.056048
-7.548021,1,0.098703
-13.61992,5,0.303056
-11.43921,1,0.343756
-15.111784,4,0.50644
-10.190439,1,0.547116
-10.190439,1,0.58981
-25.791841,27,1.689836
-33.92521,10,2.099012
-10.676607,1,2.139713
-11.123654,4,2.303392
-11.930249,2,2.384245
-8.933746,2,2.466577
-12.254673,4,2.630674
-11.752628,2,2.711523
-13.530925,2,2.793365
-11.376431,1,2.83503
-10.184698,5,3.04131
-11.376431,1,3.081982
-10.190439,1,3.12315
-14.016189,2,3.204865
-17.203746,5,3.408721
-19.108086,27,4.699651
-17.045784,5,4.904003
-20.436217,5,5.111331
-20.263114,18,5.936706
-25.159944,27,7.039808
-10.691401,1,7.080452
-7.548021,1,7.121124
-17.066227,4,7.284336
-11.43921,1,7.324512
-18.23711,3,7.447491
-12.582579,2,7.528864
-20.756866,9,7.89789
-27.95573,17,8.633165
-11.43921,1,8.673837
-26.821475,16,9.328097
-14.783064,5,9.532436
-11.668567,3,9.65443
-11.726572,2,9.736298
-8.478641,2,9.818137
-8.303567,1,9.859277
-18.610911,7,10.145989
-8.478641,2,10.227333
-12.129316,2,10.309179
-18.372238,6,10.554201
-14.783064,5,10.759049
-11.43921,1,10.80019
-11.376431,1,10.930811
-11.930249,2,11.012651
-14.145852,5,11.220944
-14.148226,13,11.750703
-10.190439,1,11.791352
-11.726572,2,11.873215
-15.060412,7,12.157419
-11.43921,1,12.19856
-10.676607,1,12.239758
-10.190439,1,12.280399
-15.578378,3,12.405392
-8.303567,1,12.44656
-14.947843,15,13.086386
-16.146496,5,13.292704
-13.534032,4,13.455417
-19.116298,5,13.660267
-11.930249,2,13.742108
-10.676607,1,13.782779
-21.565767,9,14.153585
-10.676607,1,14.19423
-25.00355,11,14.643137
-17.172814,8,14.969996
-14.221028,3,15.095957
-10.190439,1,15.137125
-27.291587,23,16.076054
-17.790794,16,16.821625
-5.22784,12,17.338804
-10.676607,1,17.382452
-11.752628,2,17.463797
-9.502464,1,17.504468
-12.227576,8,17.830837
-10.676607,1,17.871509
-14.419356,5,18.074869
-10.190439,1,18.116037
-7.548021,1,18.157205
-22.888398,12,18.649706
-10.628136,2,18.730554
-15.861972,4,18.893243
-12.396552,6,19.137794
-10.691401,1,19.17847
-9.502464,1,19.219611
-16.518135,5,19.42647
-7.422033,15,20.036552
-7.548021,1,20.077714
-15.156995,2,20.159556
-15.861972,4,20.322766
-12.250894,16,20.979885
-26.255063,18,21.858377
-17.083302,8,22.1862
-10.691401,1,22.227368
-10.691401,1,22.268536
-10.190439,1,22.309732
-8.0145,9,22.677769
-12.312379,3,22.80124
-10.190439,1,22.842408
-9.502464,1,22.883108
-25.689012,15,23.498121
-13.916162,5,23.7025
-7.548021,1,23.743168
-10.691401,1,23.783845
-12.582579,2,23.865685
-9.502464,1,23.908809
-9.502464,1,23.949481
-11.43921,1,23.990648
-26.801453,15,24.602217
-8.303567,1,24.642917
-10.190439,1,24.684581
-8.303567,1,24.725225
-10.276747,10,25.135913
-11.43921,1,25.176117
-14.421928,3,25.362089
-29.047622,17,26.057013
-10.691401,1,26.100661
-15.476861,6,26.345682
-27.682146,27,27.540551
-13.986112,3,27.663563
-10.190439,1,27.705198
-10.190439,1,27.745902
-17.858436,6,27.990923
-8.012107,4,28.153583
-6.945553,10,28.563776
-13.362344,4,28.72696
-25.782819,5,28.932376
-10.676607,1,28.973544
-19.026185,15,29.641535
-17.048174,3,29.764069
-10.190439,1,29.805215
-9.04667,4,29.969693
-13.530925,2,30.050018
-7.068223,3,30.17256
-9.502464,1,30.213696
-16.994495,25,31.237046
-9.502464,1,31.278206
-11.668567,3,31.400722
-10.691401,1,31.442358
-10.691401,1,31.48355
-15.156995,2,31.565367
-17.050704,8,31.890779
-10.190439,1,31.931916
-10.628136,2,32.013255
-10.676607,1,32.053943
-10.190439,1,32.095122
-7.548021,1,32.135795
-14.316126,7,32.513218
-10.691401,1,32.554883
-8.303567,1,32.595554
-11.726572,2,32.677394
-14.570482,8,33.006242
-11.381504,2,33.088078
-9.502464,1,33.128748
-12.254673,4,33.291928
-13.530925,2,33.373249
-10.676607,1,33.414171
-10.676607,1,33.455312
-8.478641,2,33.537175
-4.945973,12,34.08115
-7.548021,1,34.121822
-10.851875,3,34.245822
-17.547393,12,34.74083
-19.618731,13,35.270222
-10.691401,1,35.310894
-21.531821,5,35.514776
-14.164833,4,35.681434
-9.502464,1,35.722106
-14.646095,4,35.885758
-14.395275,10,36.293498
-9.502464,1,36.334174
-13.409955,4,36.497327
-8.388833,3,36.621822
-10.676607,1,36.662524
-8.303567,1,36.703194
-11.758561,2,36.785007
-11.726572,2,36.86685
-11.381504,2,36.948714
-4.15565,17,37.641333
-10.190439,1,37.682006
-0.851912,6,38.073322
-10.488291,10,38.483543
-10.676607,1,38.524682
-24.765386,16,39.178432
-13.370709,9,39.548428
-7.548021,1,39.5891
-8.303567,1,39.630291
-11.376431,1,39.671435
-14.253981,8,39.999788
-9.502464,1,40.040483
-10.676607,1,40.081659
-9.502464,1,40.121804
-4.642375,11,40.572668
-11.43921,1,40.613863
-11.43921,1,40.654537
-11.752628,2,40.738332
-15.05317,7,41.023035
-13.778103,21,41.884588
-9.502464,1,41.925778
-10.190439,1,41.966925
-16.717202,5,42.222928
-14.942474,4,42.38562
-10.691401,1,42.426791
-10.851875,3,42.549796
-21.019716,18,43.379328
-8.388833,3,43.501839
-4.506139,7,43.786597
-1.943115,7,44.072785
-13.649119,14,44.645146
-10.32285,13,45.174407
-12.17225,2,45.259195
-11.176542,16,45.911959
-8.388833,3,46.034443
-10.691401,1,46.074649
-16.924281,7,46.360342
-12.447433,6,46.65867
-7.548021,1,46.699342
-9.502464,1,46.740014
-15.156995,2,46.821877
-18.917959,4,46.986053
-11.381504,2,47.067897
-8.303567,1,47.10807
-11.376431,1,47.148717
-12.582579,2,47.230581
-10.190439,1,47.271257
-7.548021,1,47.31193
-9.502464,1,47.352593
-1.40573,7,47.637302
-7.068223,3,47.759295
-0.4936,5,47.964656
-7.548021,1,48.005817
-17.052087,6,48.250831
-10.190439,1,48.292022
-11.376431,1,48.33267
-7.040277,12,48.913824
-14.421928,3,49.036822
-1.52326,7,49.323988
-2.208461,8,49.650847
-1.90855,6,49.89587
-3.275912,8,50.224222
-4.844367,9,50.59129
-1.142251,6,50.889185
-10.676607,1,50.929361
-11.43921,1,50.97053
-10.676607,1,51.011202
-1.145146,7,51.297876
-8.478641,2,51.379717
-8.059698,6,51.625261
-2.14213,7,51.910961
-3.226009,27,53.014561
0.198053,5,53.217899
-8.303567,1,53.25857
-9.04667,4,53.422743
-4.981317,7,53.709955
-7.548021,1,53.751095
-9.514903,9,54.20843
-3.605827,27,55.364087
-2.185591,27,56.466722
-7.068223,3,56.589236
-7.068223,3,56.711748
0.254243,5,56.916513
-8.397756,7,57.202217
-0.4936,5,57.40853
-8.319039,18,58.142138
-2.118991,6,58.390142
-1.13501,5,58.594963
-8.012107,4,58.75867
-10.334837,5,58.962004
0.198053,5,59.219426
0.254243,5,59.516011
1.761132,27,60.6221
-0.4936,5,60.825933
-1.13501,5,61.029817
0.198053,5,61.233644
-1.544653,7,61.519369
-15.911217,7,61.807518
-1.655556,6,62.052072
-1.317528,6,62.297566
-1.473885,7,62.587258
-8.933746,2,62.669094
0.198053,5,62.872462
-0.4936,5,63.076286
0.254243,5,63.33123
0.254243,5,63.535583
-4.415888,8,63.863935
-0.4936,5,64.069306
-1.13501,5,64.272639
0.198053,5,64.477022
-1.13501,5,64.681457
0.254243,5,64.977072
0.178908,7,65.264257
-1.003734,6,65.509281
-7.532865,27,66.61437
-7.068223,3,66.736385
8.620003,27,67.90782
0.254243,5,68.111708
-1.655556,6,68.356732
-0.654274,6,68.60521
-3.303686,27,69.709305
5.580492,27,70.904548
-5.853221,12,71.39359
-0.4936,5,71.597418
5.831346,27,72.752022
0.198053,5,72.956442
0.198053,5,73.160294
11.607208,27,74.265309
-0.4936,5,74.46867
0.198053,5,74.673065
-8.377577,8,74.999429
2.852749,27,76.24806
-7.548021,1,76.289236
-1.13501,5,76.493108
-9.502464,1,76.533756
-0.4936,5,76.738632
0.198053,5,76.943475
-10.190439,1,76.984648
0.254243,5,77.188006
3.816314,27,78.290999
0.198053,5,78.495375
-0.4936,5,78.699727
0.254243,5,78.90703
-4.117728,7,79.193718
-0.851912,6,79.43877
-1.13501,5,79.643096
-3.571506,6,79.890627
-0.4936,5,80.145543
1.269957,27,81.342888
-10.691401,1,81.383065
-0.4936,5,81.587937
-0.4936,5,81.792281
-0.4936,5,81.996617
0.254243,5,82.200473
-1.13501,5,82.4078
12.831442,27,83.511925
1.269957,27,84.668996
0.254243,5,84.873844
-0.871729,6,85.120769
-0.4936,5,85.324152
0.254243,5,85.529007
12.831442,27,86.724037
-0.4936,5,86.928858
0.254243,5,87.133238
0.198053,5,87.337098
0.254243,5,87.540956
-1.13501,5,87.747257
2.852749,27,88.905283
0.198053,5,89.108619
0.254243,5,89.313467
12.831442,27,90.417044
-0.4936,5,90.620899
0.198053,5,90.827235
0.198053,5,91.031091
6.265642,27,92.221514
0.198053,5,92.426362
0.254243,5,92.632703
2.852749,27,93.792349
0.254243,5,93.996677
-0.4936,5,94.19957
-1.13501,5,94.402915
10.711544,27,95.505509
-1.13501,5,95.711349
-1.13501,5,95.915232
2.852749,27,97.069344
0.254243,5,97.364465
12.831442,27,98.469043
-1.13501,5,98.673402
-1.13501,5,98.877748
12.831442,27,99.98036
-6.109252,11,100.430204
12.831442,27,101.59115
-7.068223,3,101.713662
-0.4936,5,101.918511
-0.4936,5,102.122312
0.254243,5,102.326145
-1.13501,5,102.619853
-1.13501,5,102.823214
0.254243,5,103.030021
-0.853461,6,103.275514
0.198053,5,103.479901
0.198053,5,103.683254
0.254243,5,103.891573
0.254243,5,104.09543
-1.13501,5,104.299258
0.254243,5,104.503142
-0.4936,5,104.707499
0.254243,5,104.911841
0.254243,5,105.117186
0.254243,5,105.321537
0.254243,5,105.578939
-1.13501,5,105.783291
-1.13501,5,105.987146
-0.4936,5,106.19301
-0.4936,5,106.396868
2.852749,27,107.499976
12.831442,27,108.687868
-1.13501,5,108.892249
-0.4936,5,109.09908
12.831442,27,110.250792
-1.13501,5,110.458616
8.722205,27,111.561717
0.198053,5,111.76803
-0.4936,5,111.971897
0.198053,5,112.177258
-1.13501,5,112.382078
-0.4936,5,112.586926
0.254243,5,112.790296
12.831442,27,114.041969
-1.13501,5,114.249897
-1.13501,5,114.453726
2.852749,27,115.556334
-1.13501,5,115.76071
12.831442,27,116.862798
12.831442,27,117.966896
0.254243,5,118.225311
2.852749,27,119.42116
-0.4936,5,119.626014
-0.4936,5,119.831853
-1.13501,5,120.036674
12.831442,27,121.141761
-1.13501,5,121.345641
0.198053,5,121.54997
0.198053,5,121.757299
2.852749,27,122.909817
-1.13501,5,123.117173
0.198053,5,123.322023
0.198053,5,123.526346
0.198053,5,123.730225
2.852749,27,124.92563
0.198053,5,125.12935
0.198053,5,125.335687
0.198053,5,125.540512
0.254243,5,125.744878
-0.4936,5,125.948247
-0.4936,5,126.152114
0.254243,5,126.357424
-0.4936,5,126.614364
0.254243,5,126.818715
0.198053,5,127.022102
12.831442,27,128.127659
1.269957,27,129.231779
-0.4936,5,129.436134
-1.13501,5,129.732295
-0.4936,5,129.938134
0.254243,5,130.141925
-4.573066,17,130.889396
-1.13501,5,131.095733
0.254243,5,131.299613
-0.4936,5,131.503473
2.852749,27,132.607046
-0.4936,5,132.811516
12.831442,27,133.914061
2.852749,27,135.160457
0.198053,5,135.364809
7.091731,27,136.468495
0.198053,5,136.677279
-1.13501,5,136.881164
-0.522432,6,137.125198
0.198053,5,137.329048
12.831442,27,138.432653
12.831442,27,139.588305
0.198053,5,139.792681
12.831442,27,140.989041
-8.303567,1,141.030206
-0.4936,5,141.235057
-1.13501,5,141.440865
0.198053,5,141.645217
0.254243,5,141.850067
-0.4936,5,142.054446
0.254243,5,142.258275
0.198053,5,142.464634
0.198053,5,142.668987
-5.005229,4,142.832175
12.831442,27,143.988323
12.831442,27,145.091924
-0.4936,5,145.296285
12.831442,27,146.492872
-0.4936,5,146.695741
-1.13501,5,146.902568
-1.13501,5,147.106397
2.852749,27,148.264557
12.831442,27,149.369647
0.254243,5,149.574521
0.198053,5,149.778871
0.254243,5,149.984716
2.852749,27,151.17937
8.72944,27,152.331697
2.852749,27,153.435386
0.254243,5,153.642685
-1.13501,5,153.847066
0.254243,5,154.050426
-8.478641,2,154.131742
-0.4936,5,154.335597
0.198053,5,154.540474
2.852749,27,155.644311
0.254243,5,155.850647
12.831442,27,157.098597
12.831442,27,158.199745
-7.645438,5,158.404592
0.254243,5,158.609445
-0.4936,5,158.812801
0.254243,5,159.018613
-1.13501,5,159.22247
12.831442,27,160.378444
2.852749,27,161.481054
-0.4936,5,161.68593
-1.13501,5,161.980113
0.254243,5,162.186857
2.852749,27,163.290434
0.254243,5,163.493794
0.254243,5,163.698147
0.254243,5,163.902031
-1.13501,5,164.105858
1.769178,27,165.266002
-0.4936,5,165.469381
12.831442,27,166.572989
0.254243,5,166.777344
12.831442,27,167.970647
-0.4936,5,168.173981
-0.4936,5,168.378363
-1.13501,5,168.582686
-0.4936,5,168.838125
-1.13501,5,169.042478
-1.13501,5,169.247351
2.852749,27,170.348941
12.831442,27,171.458494
-1.13501,5,171.661879
0.198053,5,171.866207
0.254243,5,172.070559
-0.4936,5,172.276427
12.831442,27,173.520252
2.852749,27,174.622337
2.852749,27,175.724969
12.831442,27,176.828614
-1.13501,5,177.087957
0.254243,5,177.294293
2.852749,27,178.488229
-1.13501,5,178.694565
0.198053,5,178.89843
0.198053,5,179.101808
12.831442,27,180.205908
12.831442,27,181.362074
2.852749,27,182.470637
-0.4936,5,182.677474
-0.4936,5,182.881798
12.831442,27,184.075198
12.831442,27,185.178807
0.198053,5,185.383645
-1.13501,5,185.640635
10.711544,27,186.741751
0.254243,5,186.946042
12.831442,27,188.049142
0.198053,5,188.252478
2.852749,27,189.449229
-1.13501,5,189.653548
0.254243,5,189.914425
-0.4936,5,190.11817
-1.13501,5,190.322523
12.831442,27,191.425622
12.831442,27,192.528728
12.831442,27,193.632799
2.852749,27,194.88067
-0.4936,5,195.084091
12.831442,27,196.188188
0.198053,5,196.392563
-1.13501,5,196.596892
2.852749,27,197.70001
-1.13501,5,197.903878
0.198053,5,198.162196
2.852749,27,199.26684
2.852749,27,200.457865
-0.4936,5,200.661716
2.852749,27,201.7678
12.831442,27,202.91883
2.852749,27,204.026337
0.254243,5,204.230689
0.198053,5,204.435047
0.198053,5,204.638901
2.852749,27,205.835714
0.254243,5,206.039047
0.254243,5,206.241942
12.831442,27,207.403543
-1.13501,5,207.607399
-1.13501,5,207.811779
0.254243,5,208.015111
2.852749,27,209.118743
0.198053,5,209.322072
-1.13501,5,209.526457
2.852749,27,210.725234
0.198053,5,210.983151
-1.13501,5,211.185988
-0.4936,5,211.390859
0.254243,5,211.595215
2.852749,27,212.699718
-1.13501,5,212.903574
0.254243,5,213.109938
0.198053,5,213.31429
0.254243,5,213.518639
2.852749,27,214.622378
0.254243,5,214.826233
2.852749,27,216.070694
2.852749,27,217.175291
2.852749,27,218.280866
0.198053,5,218.483718
0.254243,5,218.688072
-1.13501,5,218.892915
0.254243,5,219.098732
12.831442,27,220.254908
2.852749,27,221.451627
12.831442,27,222.556743
12.831442,27,223.714322
12.831442,27,224.818851
4.225741,27,225.920469
0.198053,5,226.1238
0.198053,5,226.327636
0.198053,5,226.623788
-0.4936,5,226.827148
-0.4936,5,227.031001
12.831442,27,228.194553
-0.4936,5,228.399429
0.198053,5,228.60329
0.254243,5,228.810118
-0.4936,5,229.013974
12.831442,27,230.117079
-0.4936,5,230.319443
0.198053,5,230.523794
12.831442,27,231.628387
-1.13501,5,231.884826
-0.4936,5,232.178894
-0.4936,5,232.382226
-0.4936,5,232.587572
12.831442,27,233.692659
-0.4936,5,233.897011
-0.4936,5,234.100867
-1.13501,5,234.304239
12.831442,27,235.406863
-1.13501,5,235.611188
0.254243,5,235.815054
2.852749,27,236.974644
-1.13501,5,237.180126
12.831442,27,238.37655
-0.4936,5,238.580927
0.254243,5,238.785277
-0.4936,5,238.989142
-1.13501,5,239.192474
0.198053,5,239.398841
0.198053,5,239.601711
-0.4936,5,239.806058
0.254243,5,240.010387
12.831442,27,241.168665
0.254243,5,241.377941
0.254243,5,241.581324
0.254243,5,241.785167
-0.4936,5,241.988547
2.852749,27,243.182431
-0.4936,5,243.385791
0.198053,5,243.589794
-0.4936,5,243.793651
0.198053,5,243.999544
0.198053,5,244.204369
-0.4936,5,244.410735
2.852749,27,245.569362
12.831442,27,246.671498
12.831442,27,247.771134
0.254243,5,247.975482
0.254243,5,248.270083
12.831442,27,249.427703
-1.13501,5,249.63155
0.254243,5,249.8369
0.254243,5,250.041724
-1.13501,5,250.247096
0.254243,5,250.451941
-1.13501,5,250.658252
0.254243,5,250.86362
2.852749,27,251.967692
-0.4936,5,252.173065
0.198053,5,252.377414
2.852749,27,253.623367
12.831442,27,254.728927
0.254243,5,254.932771
-1.13501,5,255.139607
2.852749,27,256.244375
-0.977661,6,256.488899
0.198053,5,256.693766
-0.4936,5,256.897084
-0.4936,5,257.154521
0.254243,5,257.359685
0.254243,5,257.563567
2.852749,27,258.670162
0.540897,27,259.864453
-1.13501,5,260.068828
-0.4936,5,260.272165
-0.4936,5,260.476517
0.254243,5,260.682358
0.198053,5,260.886244
0.540897,27,262.037453
-0.4936,5,262.243798
0.198053,5,262.44815
0.198053,5,262.651974
0.254243,5,262.854837
-0.4936,5,263.060182
-0.4936,5,263.266518
-1.13501,5,263.47087
2.852749,27,264.665309
0.198053,5,264.869673
12.831442,27,266.023865
12.831442,27,267.127935
12.831442,27,268.231038
0.198053,5,268.435423
-0.4936,5,268.639771
12.831442,27,269.892265
0.254243,5,270.09962
12.831442,27,271.205119
0.254243,5,271.410462
12.831442,27,272.513048
0.254243,5,272.717427
0.254243,5,272.920761
0.198053,5,273.126628
12.831442,27,274.280429
-0.4936,5,274.486737
0.254243,5,274.690405
12.831442,27,275.887707
0.254243,5,276.091599
12.831442,27,277.19567
-1.13501,5,277.400046
-0.4936,5,277.604373
0.198053,5,277.809718
2.852749,27,278.965797
-0.4936,5,279.170692
12.831442,27,280.27622
12.831442,27,281.478899
-0.4936,5,281.684711
0.254243,5,281.888567
2.852749,27,283.04578
0.198053,5,283.24914
12.831442,27,284.352272
2.852749,27,285.455872
-0.4936,5,285.659728
12.831442,27,286.907837
12.831442,27,288.012901
0.198053,5,288.217273
-1.13501,5,288.421625
0.254243,5,288.627933
-1.13501,5,288.832781
0.254243,5,289.038126
0.254243,5,289.241982
2.852749,27,290.346106
12.831442,27,291.594015
0.198053,5,291.797903
10.711544,27,292.902983
-1.13501,5,293.109809
12.831442,27,294.212895
-0.4936,5,294.417744
0.254243,5,294.622123
0.254243,5,294.827964
12.831442,27,295.98311
10.711544,27,297.184724
0.254243,5,297.389079
-0.4936,5,297.592934
-0.4936,5,297.797312
0.254243,5,298.002161
-1.13501,5,298.207502
-0.4936,5,298.411865
0.254243,5,298.61519
-1.13501,5,298.819046
-1.13501,5,299.023399
2.852749,27,300.178609
0.198053,5,300.384448
0.254243,5,300.589299
0.198053,5,300.794615
12.831442,27,301.897352
2.852749,27,303.095165
12.831442,27,304.252334
0.254243,5,304.456213
0.254243,5,304.661066
2.852749,27,305.764166
-1.13501,5,305.968494
-0.4936,5,306.173839
-0.4936,5,306.377729
0.254243,5,306.582575
0.198053,5,306.786895
-1.13501,5,306.993258
12.831442,27,308.234747
0.254243,5,308.439095
-1.13501,5,308.641958
0.198053,5,308.848768
0.198053,5,309.05364
0.254243,5,309.257472
2.852749,27,310.359854
2.852749,27,311.46147
0.198053,5,311.667282
0.198053,5,311.922931
12.831442,27,313.117322
0.198053,5,313.322168
12.831442,27,314.428228
12.831442,27,315.534826
-8.303567,1,315.575495
-0.4936,5,315.779356
0.254243,5,315.983214
-0.4936,5,316.238623
0.254243,5,316.442479
-1.13501,5,316.646831
-1.13501,5,316.853167
0.198053,5,317.058039
12.831442,27,318.160651
-1.13501,5,318.455674
-0.4936,5,318.660002
12.831442,27,319.767039
2.852749,27,320.923159
-0.4936,5,321.128535
2.852749,27,322.233061
2.852749,27,323.335643
-0.4936,5,323.542007
2.852749,27,324.786961
-1.13501,5,324.993793
-1.13501,5,325.198831
-1.13501,5,325.40467
0.198053,5,325.608554
12.831442,27,326.712651
0.198053,5,326.916509
-1.13501,5,327.121327
-1.13501,5,327.325702
0.198053,5,327.530031
-0.4936,5,327.734907
-0.4936,5,327.941737
-0.4936,5,328.145593
-0.4936,5,328.350441
-1.13501,5,328.554795
-0.4936,5,328.809711
0.198053,5,329.016069
2.852749,27,330.209651
0.198053,5,330.416534
2.852749,27,331.520987
-1.13501,5,331.72534
-0.4936,5,331.930211
0.198053,5,332.134044
-0.4936,5,332.3379
0.254243,5,332.544735
2.852749,27,333.703458
12.831442,27,334.899338
12.831442,27,336.001428
-0.4936,5,336.205284
12.831442,27,337.363504
0.254243,5,337.56736
-1.13501,5,337.771221
0.254243,5,337.977965
12.831442,27,339.084571
12.831442,27,340.282087
0.198053,5,340.485913
-4.829097,16,341.141625
-0.4936,5,341.346483
0.198053,5,341.601833
12.831442,27,342.705911
0.198053,5,342.910786
-1.13501,5,343.116621
0.198053,5,343.320978
-1.13501,5,343.524832
0.198053,5,343.729683
-1.13501,5,343.936019
12.831442,27,345.036615
2.852749,27,346.290532
-1.13501,5,346.495849
0.254243,5,346.699208
0.254243,5,346.90406
2.852749,27,348.009339
-0.4936,5,348.215676
-1.13501,5,348.419064
12.831442,27,349.523516
-0.4936,5,349.726876
2.852749,27,350.974898
-1.13501,5,351.180851
2.852749,27,352.285975
-0.4936,5,352.490314
0.254243,5,352.69665
12.831442,27,353.799732
12.831442,27,354.960201
2.852749,27,356.157119
-0.4936,5,356.360552
2.852749,27,357.465145
0.198053,5,357.670498
0.198053,5,357.876352
12.831442,27,359.030022
0.198053,5,359.236852
0.254243,5,359.440213
0.198053,5,359.645555
-1.13501,5,359.849385
2.852749,27,360.956481
2.852749,27,362.149847
2.852749,27,363.30948
2.852749,27,364.4106
0.254243,5,364.617458
0.198053,5,364.821805
2.852749,27,365.924889
-1.13501,5,366.128272
-1.13501,5,366.333616
2.852749,27,367.58427
0.198053,5,367.788117
0.254243,5,367.994453
-0.4936,5,368.199296
0.198053,5,368.403649
2.852749,27,369.506233
0.198053,5,369.710613
-1.13501,5,369.91695
2.852749,27,371.072626
12.831442,27,372.178187
2.852749,27,373.371734
0.198053,5,373.578566
12.831442,27,374.67671
0.254243,5,374.883543
12.831442,27,376.041731
-1.13501,5,376.245587
-0.4936,5,376.449939
0.254243,5,376.653767
12.831442,27,377.849155
12.831442,27,378.954076
12.831442,27,380.110265
-1.13501,5,380.316674
0.254243,5,380.522789
2.852749,27,381.62983
-1.13501,5,381.833686
2.852749,27,382.942565
-0.4936,5,383.239168
0.198053,5,383.442532
0.254243,5,383.695961
0.198053,5,383.900312
12.831442,27,385.003941
0.254243,5,385.208785
0.198053,5,385.415623
12.831442,27,386.520682
0.198053,5,386.724568
0.254243,5,386.928923
12.831442,27,388.084074
-1.13501,5,388.287958
0.198053,5,388.580571
0.254243,5,388.78445
12.831442,27,389.887532
-0.4936,5,390.091388
12.831442,27,391.196476
2.852749,27,392.355387
0.254243,5,392.561743
2.852749,27,393.666858
2.852749,27,394.863266
2.852749,27,395.967859
12.831442,27,397.133247
-0.4936,5,397.338614
2.852749,27,398.441723
-0.4936,5,398.646076
0.198053,5,398.849928
0.198053,5,399.053292
-0.4936,5,399.349376
0.254243,5,399.556236
0.198053,5,399.761581
2.852749,27,400.918564
-1.13501,5,401.122889
2.852749,27,402.225002
12.831442,27,403.333093
0.198053,5,403.539901
-1.13501,5,403.742789
12.831442,27,404.997085
-0.4936,5,405.200942
2.852749,27,406.304607
0.254243,5,406.510915
0.198053,5,406.715764
2.852749,27,407.818399
12.831442,27,408.975164
-0.4936,5,409.18001
-1.13501,5,409.384833
-0.4936,5,409.592161
2.852749,27,410.784548
-1.13501,5,410.991382
0.198053,5,411.196156
0.198053,5,411.401498
12.831442,27,412.506612
-1.13501,5,412.71344
-0.4936,5,412.917273
12.831442,27,414.069776
2.852749,27,415.177134
-0.4936,5,415.473268
2.852749,27,416.574872
-0.4936,5,416.780184
-0.4936,5,416.983048
0.254243,5,417.185913
0.254243,5,417.442528
-1.13501,5,417.646407
2.852749,27,418.748577
-0.4936,5,418.954412
-1.13501,5,419.15877
-1.13501,5,419.362598
0.254243,5,419.566454
-0.4936,5,419.770806
12.831442,27,420.964933
0.254243,5,421.168283
12.831442,27,422.3269
0.254243,5,422.532246
2.852749,27,423.641799
0.254243,5,423.846151
0.254243,5,424.049483
12.831442,27,425.159035
0.254243,5,425.362892
0.254243,5,425.565983
2.852749,27,426.811908
2.852749,27,427.918012
0.254243,5,428.12387
-0.4936,5,428.327713
0.198053,5,428.534547
0.198053,5,428.738374
12.831442,27,429.844454
2.852749,27,431.001127
-0.4936,5,431.204981
0.198053,5,431.408867
0.254243,5,431.704757
-0.4936,5,431.90811
-0.4936,5,432.112441
2.852749,27,433.214554
2.852749,27,434.374721
0.198053,5,434.580566
0.254243,5,434.785414
12.831442,27,435.892631
0.198053,5,436.096487
12.831442,27,437.299776
-1.13501,5,437.509585
0.198053,5,437.715921
12.831442,27,438.868864
0.198053,5,439.07272
-1.13501,5,439.277568
0.254243,5,439.481301
-0.4936,5,439.687141
-1.13501,5,439.894492
0.198053,5,440.099813
0.198053,5,440.303173
0.198053,5,440.507029
0.254243,5,440.713393
12.831442,27,441.818102
2.852749,27,443.065876
12.831442,27,444.172395
-1.13501,5,444.376774
2.852749,27,445.480373
2.852749,27,446.584939
0.254243,5,446.840822
12.831442,27,448.046103
0.198053,5,448.250455
0.198053,5,448.453782
12.831442,27,449.558374
2.852749,27,450.662967
-1.13501,5,450.868807
-1.13501,5,451.124742
0.198053,5,451.330256
2.852749,27,452.434432
0.254243,5,452.63829
0.198053,5,452.842144
0.254243,5,453.046468
0.198053,5,453.341116
2.852749,27,454.448188
-0.4936,5,454.651525
-0.4936,5,454.855877
-0.4936,5,455.060229
0.198053,5,455.31914
-1.13501,5,455.5255
12.831442,27,456.630093
12.831442,27,457.734189
2.852749,27,458.92552
0.198053,5,459.130359
-1.13501,5,459.335186
-1.13501,5,459.592823
-1.13501,5,459.795579
-0.4936,5,459.999463
0.198053,5,460.203291
0.198053,5,460.409651
0.198053,5,460.614503
-1.13501,5,460.819351
-1.13501,5,461.02321
0.198053,5,461.230148
-1.13501,5,461.435907
0.198053,5,461.640231
0.198053,5,461.843592
0.198053,5,462.049953
-0.4936,5,462.25428
-0.4936,5,462.459159
-0.4936,5,462.66348
2.852749,27,463.822135
0.254243,5,464.118983
-0.4936,5,464.32485
-0.4936,5,464.529177
-0.4936,5,464.733056
0.198053,5,464.935897
-1.13501,5,465.139752
-0.4936,5,465.346503
2.852749,27,466.447764
0.198053,5,466.654101
-0.4936,5,466.857456
0.198053,5,467.061312
-1.13501,5,467.265642
0.254243,5,467.471482
-0.4936,5,467.675363
0.254243,5,467.931224
0.254243,5,468.136592
-0.4936,5,468.339952
-1.13501,5,468.543781
-0.4936,5,468.747637
0.254243,5,468.954993
12.831442,27,470.147458
0.254243,5,470.353795
-0.4936,5,470.557623
0.198053,5,470.761479
-1.13501,5,470.964839
0.198053,5,471.168226
-0.4936,5,471.375527
-0.4936,5,471.579383
-1.13501,5,471.783735
2.852749,27,472.939416
12.831442,27,474.04252
0.254243,5,474.246895
0.254243,5,474.450732
-1.13501,5,474.656096
-0.4936,5,474.950278
0.198053,5,475.157586
12.831442,27,476.264632
2.852749,27,477.423316
-0.4936,5,477.627144
2.852749,27,478.729752
0.254243,5,478.934629
-0.4936,5,479.139477
-0.4936,5,479.343305
-1.13501,5,479.547688
2.852749,27,480.794579
0.198053,5,480.998439
12.831442,27,482.103498
-0.4936,5,482.30788
-0.4936,5,482.51369
12.831442,27,483.612827
0.254243,5,483.816204
-0.4936,5,484.022551
0.254243,5,484.225417
-1.13501,5,484.430235
12.831442,27,485.68034
0.254243,5,485.884716
-0.4936,5,486.08808
2.852749,27,487.191179
2.852749,27,488.295275
2.852749,27,489.456903
0.198053,5,489.661239
-1.13501,5,489.865577
0.198053,5,490.068938
-0.4936,5,490.273289
-1.13501,5,490.480145
0.198053,5,490.68405
12.831442,27,491.877096
12.831442,27,492.982162
12.831442,27,494.133217
12.831442,27,495.240785
-0.4936,5,495.444643
-0.4936,5,495.648994
2.852749,27,496.845325
-0.4936,5,497.050156
0.198053,5,497.254508
-0.4936,5,497.512074
0.254243,5,497.718934
-0.4936,5,497.922267
0.254243,5,498.127115
0.254243,5,498.331494
0.254243,5,498.538299
2.852749,27,499.638451
12.831442,27,500.742052
-1.13501,5,500.948392
0.254243,5,501.151724
0.254243,5,501.355084
0.198053,5,501.61175
0.254243,5,501.903895
-1.13501,5,502.107751
0.198053,5,502.311107
0.198053,5,502.514438
12.831442,27,503.615941
0.254243,5,503.820817
0.198053,5,504.02715
2.852749,27,505.127281
2.852749,27,506.280929
0.254243,5,506.485778
-1.13501,5,506.692398
12.831442,27,507.884909
-0.4936,5,508.093203
12.831442,27,509.196306
0.198053,5,509.400162
0.198053,5,509.604018
-1.13501,5,509.807902
-0.4936,5,510.06381
0.254243,5,510.271155
12.831442,27,511.374763
12.831442,27,512.571166
12.831442,27,513.675345
0.254243,5,513.881607
2.852749,27,515.039877
0.254243,5,515.243732
2.852749,27,516.345845
12.831442,27,517.448453
0.254243,5,517.653793
-0.4936,5,517.947482
12.831442,27,519.10336
2.852749,27,520.212343
-1.13501,5,520.416229
0.254243,5,520.621075
12.831442,27,521.726163
12.831442,27,522.884296
0.198053,5,523.088649
2.852749,27,524.284251
2.852749,27,525.385844
0.198053,5,525.58973
0.198053,5,525.794554
12.831442,27,526.953415
0.254243,5,527.157768
-1.13501,5,527.362615
0.254243,5,527.567956
2.852749,27,528.764063
-0.4936,5,528.967954
0.198053,5,529.174751
0.254243,5,529.379103
0.254243,5,529.582959
-0.4936,5,529.786363
12.831442,27,530.893888
-1.13501,5,531.152295
2.852749,27,532.256719
0.254243,5,532.461072
-0.4936,5,532.66496
-0.4936,5,532.869306
-0.4936,5,533.073659
0.254243,5,533.279495
2.852749,27,534.477445
2.852749,27,535.63461
-0.4936,5,535.840554
-1.13501,5,536.044411
0.254243,5,536.251255
0.198053,5,536.454123
-1.13501,5,536.65897
0.198053,5,536.863817
-1.13501,5,537.070153
0.198053,5,537.273982
0.254243,5,537.481309
0.254243,5,537.684698
0.254243,5,537.889518
0.198053,5,538.093895
-0.4936,5,538.298746
0.198053,5,538.503567
-0.4936,5,538.707443
-1.773828,6,538.955446
0.254243,5,539.160794
0.254243,5,539.365639
12.831442,27,540.617047
-0.4936,5,540.82088
2.852749,27,541.923515
-0.4936,5,542.130816
0.198053,5,542.335168
-0.4936,5,542.539549
12.831442,27,543.643149
-1.13501,5,543.90183
12.831442,27,545.093396
2.852749,27,546.197989
2.852749,27,547.301091
12.831442,27,548.457717
0.254243,5,548.661547
0.254243,5,548.865899
0.198053,5,549.070252
12.831442,27,550.176852
-1.13501,5,550.473614
2.852749,27,551.576709
0.198053,5,551.781057
0.254243,5,551.985417
-1.13501,5,552.240912
-0.4936,5,552.445265
-1.13501,5,552.652071
0.254243,5,552.85694
-0.4936,5,553.060774
0.198053,5,553.264628
2.852749,27,554.367238
12.831442,27,555.469866
0.198053,5,555.764494
12.831442,27,556.921588
0.198053,5,557.124967
0.254243,5,557.329323
-0.4936,5,557.535623
2.852749,27,558.641209
12.831442,27,559.74332
-0.4936,5,559.948704
2.852749,27,561.195879
-0.4936,5,561.399734
-0.4936,5,561.603563
-0.4936,5,561.807442
-1.13501,5,562.012266
12.831442,27,563.116364
0.198053,5,563.320715
0.198053,5,563.524598
-1.13501,5,563.72894
0.198053,5,563.933276
-0.4936,5,564.137155
-1.13501,5,564.343968
2.852749,27,565.497941
12.831442,27,566.690319
-1.13501,5,566.896676
0.254243,5,567.1045
0.254243,5,567.312333
-1.13501,5,567.516656
0.254243,5,567.721007
12.831442,27,568.825104
2.852749,27,569.984776
0.254243,5,570.18814
2.852749,27,571.293696
-0.4936,5,571.497079
-1.13501,5,571.703889
2.852749,27,572.895178
-1.13501,5,573.100996
-0.4936,5,573.356949
12.831442,27,574.459563
0.198053,5,574.662429
0.198053,5,574.86678
-0.4936,5,575.071128
-1.13501,5,575.275084
2.852749,27,576.380085
-1.13501,5,576.586386
-1.13501,5,576.790766
12.831442,27,578.039667
-1.13501,5,578.243523
-1.13501,5,578.447903
-0.4936,5,578.652256
0.198053,5,578.855587
2.852749,27,579.962163
12.831442,27,581.067276
0.254243,5,581.272128
0.198053,5,581.475957
-1.13501,5,581.730435
12.831442,27,582.927782
-0.4936,5,583.132133
-0.4936,5,583.337505
0.254243,5,583.543341
2.852749,27,584.65039
0.198053,5,584.854742
0.254243,5,585.059603
-1.13501,5,585.264934
-0.4936,5,585.46879
-1.13501,5,585.672669
-1.13501,5,585.927606
12.831442,27,587.032174
12.831442,27,588.22704
0.254243,5,588.434339
2.852749,27,589.539428
-0.4936,5,589.745268
0.198053,5,589.949152
-1.13501,5,590.207043
-0.4936,5,590.414371
0.254243,5,590.61875
-0.4936,5,590.823077
2.852749,27,591.930674
12.831442,27,593.034769
0.254243,5,593.241595
0.198053,5,593.540787
0.254243,5,593.744648
0.254243,5,593.94798
0.254243,5,594.151836
0.254243,5,594.407275
0.198053,5,594.613611
-0.4936,5,594.81749
12.831442,27,595.921564
-1.13501,5,596.126451
-0.4936,5,596.330269
0.254243,5,596.534149
2.852749,27,597.640229
12.831442,27,598.79522
-1.13501,5,599.089648
-0.4936,5,599.296475
-0.4936,5,599.500475
0.198053,5,599.704817
0.254243,5,599.908659
0.254243,5,600.113531
2.852749,27,601.215123
-1.13501,5,601.419971
0.198053,5,601.625344
0.254243,5,601.828706
-1.13501,5,602.032036
12.831442,27,603.196672
0.254243,5,603.400005
-0.4936,5,603.604356
2.852749,27,604.801259
0.254243,5,605.005138
0.198053,5,605.208971
-0.4936,5,605.414838
-1.13501,5,605.619186
12.831442,27,606.724658
-0.4936,5,606.982759
-0.4936,5,607.187111
-1.13501,5,607.393377
2.852749,27,608.496478
-1.13501,5,608.700831
0.254243,5,608.905158
-1.13501,5,609.108544
0.198053,5,609.312892
0.254243,5,609.516752
0.198053,5,609.812369
-0.4936,5,610.018677
0.198053,5,610.223524
-1.13501,5,610.4284
0.254243,5,610.632229
12.831442,27,611.789429
-1.13501,5,611.996253
0.254243,5,612.201108
-0.4936,5,612.405458
-1.13501,5,612.60981
2.852749,27,613.715906
0.254243,5,613.92071
0.198053,5,614.124566
0.198053,5,614.328451
0.254243,5,614.531806
-1.13501,5,614.736651
-1.13501,5,614.941479
2.852749,27,616.187955
2.852749,27,617.292548
0.198053,5,617.498856
-0.4936,5,617.702712
0.254243,5,617.907587
12.831442,27,619.014137
-1.13501,5,619.217993
12.831442,27,620.379178
0.198053,5,620.676343
0.254243,5,620.880163
0.254243,5,621.086995
-0.4936,5,621.290875
12.831442,27,622.396036
-0.4936,5,622.600887
0.254243,5,622.80422
12.831442,27,623.959405
0.198053,5,624.16725
12.831442,27,625.275817
-0.4936,5,625.479673
0.198053,5,625.685001
-0.4936,5,625.98011
12.831442,27,627.084206
0.198053,5,627.288091
0.254243,5,627.49474
-0.4936,5,627.699092
-1.13501,5,627.904027
2.852749,27,629.0592
-1.13501,5,629.263056
2.852749,27,630.367129
0.254243,5,630.571998
2.852749,27,631.771848
-1.13501,5,631.977716
2.852749,27,633.133852
0.254243,5,633.337715
0.198053,5,633.541569
-0.4936,5,633.745921
0.198053,5,633.952751
-0.4936,5,634.157573
12.831442,27,635.261202
12.831442,27,636.366786
-0.4936,5,636.715694
0.198053,5,636.920042
12.831442,27,638.023642
0.254243,5,638.227971
0.198053,5,638.434803
0.254243,5,638.638191
-0.4936,5,638.84304
2.852749,27,639.945161
0.254243,5,640.149003
2.852749,27,641.311685
0.198053,5,641.51747
0.254243,5,641.720831
2.852749,27,642.914632
0.254243,5,643.118572
-1.13501,5,643.321411
-0.4936,5,643.5243
0.198053,5,643.727663
-0.4936,5,643.932979
0.198053,5,644.139435
0.198053,5,644.34325
-0.4936,5,644.547602
-1.13501,5,644.751482
2.852749,27,645.909646
0.254243,5,646.115486
-0.4936,5,646.319339
-1.13501,5,646.52369
12.831442,27,647.718547
0.254243,5,647.9229
12.831442,27,649.029894
-1.13501,5,649.290876
-0.4936,5,649.495106
0.198053,5,649.699954
0.198053,5,649.904322
12.831442,27,651.006428
0.254243,5,651.211281
-1.13501,5,651.417612
0.198053,5,651.620972
2.852749,27,652.72455
-1.13501,5,653.019709
0.198053,5,653.223051
2.852749,27,654.382234
-1.13501,5,654.586583
2.852749,27,655.694155
-0.4936,5,655.897485
0.198053,5,656.101839
-1.13501,5,656.305693
0.254243,5,656.510541
-1.13501,5,656.7174
0.198053,5,656.921755
12.831442,27,658.075917
0.198053,5,658.372972
0.254243,5,658.577323
0.198053,5,658.781155
2.852749,27,659.885279
-1.13501,5,660.091618
2.852749,27,661.194402
-1.13501,5,661.400244
-1.13501,5,661.605061
-0.4936,5,661.86298
12.831442,27,662.965093
-1.13501,5,663.169446
-0.4936,5,663.373302
0.254243,5,663.669996
-1.13501,5,663.876903
2.852749,27,664.981963
-0.4936,5,665.18733
-0.4936,5,665.395132
12.831442,27,666.554781
2.852749,27,667.658901
0.254243,5,667.863751
2.852749,27,669.061614
0.254243,5,669.264975
2.852749,27,670.420266
0.198053,5,670.624618
-1.13501,5,670.831946
2.852749,27,671.936332
2.852749,27,673.04093
-0.4936,5,673.245252
0.254243,5,673.449131
0.254243,5,673.65696
0.254243,5,673.861311
12.831442,27,675.108804
-1.13501,5,675.313156
-0.4936,5,675.517508
-0.4936,5,675.722356
-0.4936,5,675.929188
12.831442,27,677.034763
12.831442,27,678.140821
-0.4936,5,678.34567
-0.4936,5,678.550047
-1.13501,5,678.805574
2.852749,27,680.001079
2.852749,27,681.104898
12.831442,27,682.20798
-0.4936,5,682.413323
12.831442,27,683.571037
12.831442,27,684.676095
-1.13501,5,684.880251
12.831442,27,686.076042
2.852749,27,687.232044
12.831442,27,688.335655
2.852749,27,689.439285
2.852749,27,690.634648
12.831442,27,691.792778
12.831442,27,692.896896
0.198053,5,693.100234
0.198053,5,693.303593
2.852749,27,694.406226
0.198053,5,694.610553
-0.4936,5,694.817881
12.831442,27,696.064631
-0.4936,5,696.268984
0.198053,5,696.4738
12.831442,27,697.578852
12.831442,27,698.684437
-0.4936,5,698.888788
-1.13501,5,699.093114
12.831442,27,700.248552
-1.13501,5,700.454844
2.852749,27,701.648291
-0.4936,5,701.855119
-1.13501,5,702.059471
-1.13501,5,702.263827
-1.13501,5,702.467664
0.254243,5,702.673023
2.852749,27,703.774119
0.254243,5,704.033896
0.254243,5,704.237753
2.852749,27,705.342767
0.198053,5,705.547119
-0.4936,5,705.750948
-1.13501,5,705.957303
2.852749,27,707.150187
-1.13501,5,707.356524
0.198053,5,707.56088
-1.13501,5,707.764736
0.198053,5,707.969089
2.852749,27,709.124741
12.831442,27,710.229333
12.831442,27,711.332961
-0.4936,5,711.538797
-0.4936,5,711.744141
0.198053,5,711.948499
-1.13501,5,712.242951
0.198053,5,712.497028
0.254243,5,712.702367
0.198053,5,712.907776
-1.13501,5,713.114605
-0.4936,5,713.318956
0.254243,5,713.523776
0.198053,5,713.727659
-0.4936,5,713.931516
0.254243,5,714.13835
0.254243,5,714.342672
12.831442,27,715.446743
-1.13501,5,715.650599
0.254243,5,715.855448
-0.4936,5,716.06226
0.198053,5,716.267109
2.852749,27,717.427283
2.852749,27,718.623096
-0.4936,5,718.826977
-1.13501,5,719.033813
2.852749,27,720.136913
-1.13501,5,720.341766
-0.4936,5,720.545123
0.254243,5,720.802523
12.831442,27,721.906646
-0.4936,5,722.111467
-1.13501,5,722.318326
0.254243,5,722.522676
0.198053,5,722.726035
0.254243,5,723.020163
0.198053,5,723.224519
-1.13501,5,723.428348
12.831442,27,724.530976
0.198053,5,724.734347
2.852749,27,725.892973
12.831442,27,726.999561
0.198053,5,727.203445
0.254243,5,727.408293
12.831442,27,728.600182
-1.13501,5,728.804038
-0.4936,5,729.007398
-1.13501,5,729.272995
12.831442,27,730.377282
-0.4936,5,730.581623
0.254243,5,730.785479
0.198053,5,730.989307
-1.13501,5,731.196164
0.198053,5,731.400023
-1.13501,5,731.60438
-1.13501,5,731.808232
0.198053,5,732.014561
0.198053,5,732.220876
-1.13501,5,732.424763
2.852749,27,733.581387
2.852749,27,734.774251
-0.4936,5,734.979595
0.254243,5,735.183446
12.831442,27,736.285068
-1.13501,5,736.488423
-0.4936,5,736.692286
-0.4936,5,736.899087
0.198053,5,737.103467
-0.4936,5,737.307322
0.254243,5,737.510688
0.198053,5,737.76692
0.254243,5,737.971092
2.852749,27,739.074195
0.198053,5,739.368821
12.831442,27,740.47344
0.198053,5,740.677283
0.198053,5,740.88314
2.852749,27,742.03485
0.198053,5,742.238181
0.198053,5,742.444052
2.852749,27,743.549137
0.254243,5,743.75247
-1.13501,5,743.95734
0.198053,5,744.163571
12.831442,27,745.356596
0.254243,5,745.560425
0.198053,5,745.766761
0.198053,5,745.970617
-0.4936,5,746.227976
12.831442,27,747.334221
0.254243,5,747.538072
-1.13501,5,747.744381
12.831442,27,748.846846
-0.4936,5,749.051198
-1.13501,5,749.257556
-1.13501,5,749.46387
12.831442,27,750.708415
-0.4936,5,750.911773
-0.4936,5,751.116155
12.831442,27,752.22273
2.852749,27,753.324843
-0.4936,5,753.532144
12.831442,27,754.690413
2.852749,27,755.884215
0.198053,5,756.088098
12.831442,27,757.191709
0.198053,5,757.396026
-0.4936,5,757.59991
-1.13501,5,757.803767
12.831442,27,758.964407
-1.13501,5,759.16774
-1.13501,5,759.371596
-0.4936,5,759.575971
2.852749,27,760.770859
-0.4936,5,760.974215
-0.4936,5,761.178098
12.831442,27,762.280679
12.831442,27,763.438041
-1.13501,5,763.642404
0.198053,5,763.848723
-0.4936,5,764.05356
-0.4936,5,764.258408
0.198053,5,764.46276
0.254243,5,764.669125
-0.4936,5,764.873954
0.254243,5,765.078296
12.831442,27,766.271611
12.831442,27,767.431658
12.831442,27,768.537267
-1.13501,5,768.741099
0.254243,5,768.947961
-0.4936,5,769.151319
0.198053,5,769.355644
0.198053,5,769.5595
0.254243,5,769.763879
0.198053,5,769.969736
0.198053,5,770.175077
-1.13501,5,770.378921
-1.13501,5,770.583272
12.831442,27,771.834588
2.852749,27,772.937175
0.198053,5,773.140063
0.198053,5,773.343929
2.852749,27,774.447
2.852749,27,775.604168
12.831442,27,776.710573
-1.13501,5,777.007852
0.254243,5,777.211707
-1.13501,5,777.416584
0.198053,5,777.621432
-0.4936,5,777.825783
0.254243,5,778.031622
0.198053,5,778.235462
0.198053,5,778.439331
-1.13501,5,778.643194
-0.4936,5,778.851012
12.831442,27,780.008156
-1.13501,5,780.212013
0.198053,5,780.416883
-1.13501,5,780.622204
0.254243,5,780.827576
2.852749,27,781.932638
0.254243,5,782.137509
-0.4936,5,782.433102
-1.13501,5,782.636975
-1.13501,5,782.84233
2.852749,27,783.945902
0.198053,5,784.200874
0.254243,5,784.408202
0.254243,5,784.612537
0.254243,5,784.816406
2.852749,27,785.917503
-1.13501,5,786.121855
-0.4936,5,786.326727
0.198053,5,786.532569
0.198053,5,786.737917
0.254243,5,786.942263
-1.13501,5,787.146617
2.852749,27,788.394586
2.852749,27,789.499593
-0.4936,5,789.703449
-0.4936,5,789.910665
2.852749,27,791.015752
2.852749,27,792.119361
0.254243,5,792.324178
-0.4936,5,792.579285
-1.13501,5,792.783141
12.831442,27,793.976969
0.198053,5,794.180802
-1.13501,5,794.385678
2.852749,27,795.492723
0.254243,5,795.696579
0.198053,5,795.901454
0.254243,5,796.105313
0.198053,5,796.309658
0.198053,5,796.513514
-1.13501,5,796.769886
0.254243,5,796.975477
0.198053,5,797.180793
2.852749,27,798.284931
-1.13501,5,798.579059
0.254243,5,798.782419
-0.4936,5,798.986276
-0.4936,5,799.192593
-0.4936,5,799.396451
0.254243,5,799.599833
-0.4936,5,799.803687
2.852749,27,800.960332
-0.4936,5,801.164708
0.198053,5,801.371516
-1.13501,5,801.57587
0.254243,5,801.780247
-0.4936,5,801.984104
2.852749,27,803.122893
0.198053,5,803.343118
-1.13501,5,803.559374
2.852749,27,804.788461
12.831442,27,806.063543
12.831442,27,807.278751
2.852749,27,808.394247
-1.13501,5,808.600118
0.198053,5,808.814361
0.254243,5,809.032105
-1.13501,5,809.250345
2.852749,27,810.51515
2.852749,27,811.621706
-0.4936,5,811.826011
12.831442,27,812.932062
-0.4936,5,813.135946
0.198053,5,813.342782
-1.13501,5,813.54663
-0.4936,5,813.751454
-0.4936,5,814.008907
-0.4936,5,814.213755
0.254243,5,814.420039
2.852749,27,815.608455
2.852749,27,816.719992
-0.4936,5,816.924345
2.852749,27,818.03045
0.254243,5,818.286384
0.254243,5,818.490216
-0.4936,5,818.694568
0.254243,5,818.900928
0.254243,5,819.10476
2.852749,27,820.208389
-1.13501,5,820.500032
0.198053,5,820.704885
-0.4936,5,820.908245
-1.13501,5,821.112569
12.831442,27,822.215674
-0.4936,5,822.477304
2.852749,27,823.583349
2.852749,27,824.693898
0.198053,5,824.899709
0.198053,5,825.105083
0.198053,5,825.308911
0.254243,5,825.513263
-1.13501,5,825.718111
2.852749,27,826.961446
0.198053,5,827.166322
12.831442,27,828.272404
0.254243,5,828.479206
-0.4936,5,828.683063
0.254243,5,828.887444
-1.13501,5,829.090807
12.831442,27,830.194375
12.831442,27,831.446672
-1.13501,5,831.650575
0.254243,5,831.857877
-1.13501,5,832.062229
12.831442,27,833.167317
12.831442,27,834.276401
12.831442,27,835.435526
12.831442,27,836.536173
0.198053,5,836.83035
0.198053,5,837.03618
0.198053,5,837.23954
12.831442,27,838.341652
0.254243,5,838.545508
-0.4936,5,838.751376
0.198053,5,838.959193
12.831442,27,840.121327
0.254243,5,840.325184
12.831442,27,841.432725
-1.13501,5,841.637597
2.852749,27,842.827482
-1.13501,5,843.031362
-0.4936,5,843.234695
-0.4936,5,843.490642
-0.4936,5,843.698486
0.254243,5,843.905314
-0.4936,5,844.108684
0.198053,5,844.31502
0.254243,5,844.518848
-0.4936,5,844.723229
2.852749,27,845.829801
0.198053,5,846.034648
0.198053,5,846.239497
-0.4936,5,846.445313
12.831442,27,847.694762
-1.13501,5,847.899117
-1.13501,5,848.103442
0.198053,5,848.308814
0.198053,5,848.514654
-1.13501,5,848.71851
0.198053,5,848.921842
2.852749,27,850.025987
-1.13501,5,850.229341
12.831442,27,851.334435
12.831442,27,852.493963
2.852749,27,853.683891
0.198053,5,853.888219
-1.13501,5,854.094555
0.198053,5,854.297939
-0.4936,5,854.501795
-0.4936,5,854.705705
-1.13501,5,854.909562
0.254243,5,855.114382
0.198053,5,855.319258
-1.13501,5,855.524111
0.198053,5,855.728954
-1.13501,5,855.933232
-1.13501,5,856.190112
0.198053,5,856.398432
0.254243,5,856.602785
2.852749,27,857.706908
-0.4936,5,857.910738
12.831442,27,859.104441
12.831442,27,860.209048
-1.13501,5,860.465284
0.198053,5,860.66914
0.198053,5,860.8759
0.198053,5,861.079752
0.198053,5,861.2846
-0.4936,5,861.488952
-0.4936,5,861.693804
0.198053,5,861.900609
2.852749,27,863.003714
-0.4936,5,863.207597
0.198053,5,863.411955
12.831442,27,864.65993
-0.4936,5,864.864306
2.852749,27,865.968402
2.852749,27,867.078923
0.198053,5,867.283299
12.831442,27,868.388364
-0.4936,5,868.59225
0.198053,5,868.851067
12.831442,27,870.044967
2.852749,27,871.148591
12.831442,27,872.251695
2.852749,27,873.409723
12.831442,27,874.605937
12.831442,27,875.710522
2.852749,27,876.819106
-0.4936,5,877.022938
2.852749,27,878.183051
12.831442,27,879.288129
-1.13501,5,879.49496
12.831442,27,880.687326
0.254243,5,880.89071
-1.13501,5,881.095034
2.852749,27,882.251393
-0.4936,5,882.457744
-0.4936,5,882.66109
-0.4936,5,882.866907
-1.13501,5,883.071785
12.831442,27,884.181317
2.852749,27,885.380151
2.852749,27,886.539644
-8.012107,4,886.706721
0.254243,5,886.911072
2.852749,27,888.015688
12.831442,27,889.118771
-0.4936,5,889.322649
-1.13501,5,889.527993
0.254243,5,889.788768
2.852749,27,890.983576
0.198053,5,891.187927
0.254243,5,891.39279
0.198053,5,891.597127
12.831442,27,892.705688
-1.13501,5,892.91004
0.198053,5,893.115413
-1.13501,5,893.319736
-0.4936,5,893.524116
12.831442,27,894.680769
0.254243,5,894.887601
-1.13501,5,895.090992
0.254243,5,895.294818
0.198053,5,895.499171
2.852749,27,896.694987
0.254243,5,896.898842
0.254243,5,897.101679
0.254243,5,897.306527
-1.13501,5,897.511896
12.831442,27,898.669535
-1.13501,5,898.873419
2.852749,27,899.977518
2.852749,27,901.080621
-0.4936,5,901.284972
12.831442,27,902.530724
12.831442,27,903.635571
-0.4936,5,903.839438
2.852749,27,904.940552
0.254243,5,905.144928
-0.4936,5,905.348761
0.254243,5,905.55562
0.198053,5,905.759973
-0.4936,5,905.964325
12.831442,27,907.212683
0.254243,5,907.417005
-1.13501,5,907.62138
0.198053,5,907.824744
-1.13501,5,908.030584
2.852749,27,909.13862
0.198053,5,909.342984
12.831442,27,910.445086
0.254243,5,910.648942
0.254243,5,910.907445
2.852749,27,912.014055
12.831442,27,913.207008
2.852749,27,914.312102
12.831442,27,915.465792
12.831442,27,916.568377
12.831442,27,917.763326
12.831442,27,918.867395
-1.13501,5,919.071278
2.852749,27,920.229808
12.831442,27,921.339857
-1.13501,5,921.543218
-1.13501,5,921.747074
-0.4936,5,921.950435
-0.4936,5,922.154786
-0.4936,5,922.35911
-0.4936,5,922.564974
0.198053,5,922.769329
-0.4936,5,923.063746
2.852749,27,924.220865
0.254243,5,924.424194
0.198053,5,924.627565
0.198053,5,924.831421
0.198053,5,925.039219
-1.13501,5,925.243076
0.198053,5,925.447451
2.852749,27,926.551027
12.831442,27,927.706158
2.852749,27,928.89929
-1.13501,5,929.103642
12.831442,27,930.207741
-0.4936,5,930.411127
-0.4936,5,930.616473
-0.4936,5,930.820323
0.254243,5,931.025655
0.254243,5,931.229527
12.831442,27,932.387192
-1.13501,5,932.591546
-1.13501,5,932.795868
2.852749,27,933.990756
-1.13501,5,934.194589
0.254243,5,934.401941
0.198053,5,934.605794
0.198053,5,934.810158
-0.4936,5,935.014478
12.831442,27,936.182511
-1.13501,5,936.385894
-1.13501,5,936.590719
0.198053,5,936.797101
-1.13501,5,937.00143
2.852749,27,938.108372
-0.4936,5,938.315227
-1.13501,5,938.522084
-0.4936,5,938.727901
0.198053,5,938.931733
-1.13501,5,939.240245
-0.4936,5,939.447107
2.852749,27,940.605266
-1.13501,5,940.808626
0.254243,5,941.012485
0.198053,5,941.216311
2.852749,27,942.323422
-1.13501,5,942.527735
2.852749,27,943.631335
12.831442,27,944.882859
0.254243,5,945.086715
-1.13501,5,945.291065
12.831442,27,946.394167
0.254243,5,946.598024
-1.13501,5,946.802876
-0.4936,5,947.007224
2.852749,27,948.111793
0.254243,5,948.316669
2.852749,27,949.476729
0.254243,5,949.680558
2.852749,27,950.875446
12.831442,27,951.979542
0.254243,5,952.185359
0.254243,5,952.39023
-1.13501,5,952.594589
-0.4936,5,952.798438
12.831442,27,953.95703
-1.13501,5,954.160899
12.831442,27,955.267452
0.198053,5,955.563995
0.198053,5,955.767378
-1.13501,5,955.970738
-1.13501,5,956.1746
12.831442,27,957.338187
-1.13501,5,957.544054
0.198053,5,957.749396
-1.13501,5,957.953251
-0.4936,5,958.157084
-0.4936,5,958.363939
2.852749,27,959.469029
2.852749,27,960.572148
0.198053,5,960.868236
-0.4936,5,961.072093
-1.13501,5,961.275476
-0.4936,5,961.532382
12.831442,27,962.639977
0.254243,5,962.843832
0.254243,5,963.047439
0.254243,5,963.251792
10.7399,27,964.354923
0.254243,5,964.559767
-1.13501,5,964.763628
0.254243,5,964.969964
2.852749,27,966.126609
0.254243,5,966.421728
-0.4936,5,966.626101
-1.13501,5,966.830459
0.254243,5,967.033821
2.852749,27,968.138386
0.198053,5,968.341745
12.831442,27,969.444873
2.852749,27,970.605387
12.831442,27,971.799768
-1.13501,5,972.00657
0.198053,5,972.209951
-0.4936,5,972.413811
0.198053,5,972.617641
0.254243,5,972.822017
2.852749,27,973.929089
2.852749,27,975.087593
0.254243,5,975.291425
-0.4936,5,975.495309
0.198053,5,975.699165
2.852749,27,976.801277
-1.13501,5,977.095903
-0.4936,5,977.299234
-1.13501,5,977.502594
2.852749,27,978.660012
0.254243,5,978.86486
0.254243,5,979.070204
-0.4936,5,979.27455
0.254243,5,979.479421
12.831442,27,980.581014
0.254243,5,980.785891
0.198053,5,980.99173
0.198053,5,981.195583
-1.13501,5,981.398947
-0.4936,5,981.602775
0.198053,5,981.807645
-1.13501,5,982.014483
-0.4936,5,982.218311
0.254243,5,982.51243
-1.13501,5,982.771007
-1.13501,5,982.975279
2.852749,27,984.078871
-0.4936,5,984.284704
12.831442,27,985.387373
0.254243,5,985.592717
0.198053,5,985.797076
2.852749,27,986.953003
0.254243,5,987.15733
0.198053,5,987.361674
-0.4936,5,987.566029
2.852749,27,988.760867
-0.4936,5,988.964258
12.831442,27,990.071235
-0.4936,5,990.275601
0.254243,5,990.479963
2.852749,27,991.636893
0.254243,5,991.841245
-0.4936,5,992.045008
-1.13501,5,992.247899
-1.13501,5,992.454704
0.254243,5,992.659582
0.254243,5,992.865419
2.852749,27,994.061277
0.198053,5,994.266136
12.831442,27,995.429245
2.852749,27,996.527564
-0.4936,5,996.730923
12.831442,27,997.835514
0.198053,5,998.040857
-0.4936,5,998.245237
0.254243,5,998.449089
-1.13501,5,998.742704
0.198053,5,998.946583
2.852749,27,1000.102737
0.254243,5,1000.306124
-1.13501,5,1000.512962
12.831442,27,1001.620975
-0.4936,5,1001.82483
-1.13501,5,1002.028089
12.831442,27,1003.142619
2.852749,27,1004.387572
0.198053,5,1004.591428
-0.4936,5,1004.796253
-1.13501,5,1004.999614
-0.4936,5,1005.203988
-1.13501,5,1005.407822
0.254243,5,1005.614157
2.852749,27,1006.722718
0.198053,5,1006.927589
-1.13501,5,1007.130455
2.852749,27,1008.289582
0.254243,5,1008.493934
0.254243,5,1008.69782
-0.4936,5,1008.902143
-1.13501,5,1009.106519
2.852749,27,1010.300456
0.254243,5,1010.504784
0.198053,5,1010.712136
0.254243,5,1010.915969
0.254243,5,1011.119356
0.198053,5,1011.322719
-1.13501,5,1011.526568
-1.13501,5,1011.730924
0.254243,5,1011.937739
12.831442,27,1013.089491
-0.4936,5,1013.296795
-1.13501,5,1013.500676
-1.13501,5,1013.704538
0.254243,5,1013.908888
2.852749,27,1015.102267
-1.13501,5,1015.306147
2.852749,27,1016.464813
12.831442,27,1017.5723
-0.4936,5,1017.776675
0.254243,5,1017.980535
0.198053,5,1018.185879
2.852749,27,1019.290444
-1.13501,5,1019.496786
2.852749,27,1020.748773
-0.4936,5,1020.952631
0.198053,5,1021.156486
0.254243,5,1021.361333
0.198053,5,1021.567644
0.254243,5,1021.771997
-0.4936,5,1021.976844
0.254243,5,1022.180726
-0.4936,5,1022.384556
12.831442,27,1023.490674
-1.13501,5,1023.6965
2.852749,27,1024.855577
0.198053,5,1025.059936
-1.13501,5,1025.26476
2.852749,27,1026.460408
12.831442,27,1027.565521
-1.13501,5,1027.771334
-1.13501,5,1027.97621
2.852749,27,1029.141184
-0.4936,5,1029.345536
0.254243,5,1029.550383
2.852749,27,1030.653877
12.831442,27,1031.850271
12.831442,27,1032.953815
-1.13501,5,1033.209228
-1.13501,5,1033.413064
12.831442,27,1034.519247
0.254243,5,1034.723076
-0.4936,5,1034.928939
0.254243,5,1035.133764
0.254243,5,1035.339632
0.198053,5,1035.542965
0.254243,5,1035.749324
-0.4936,5,1035.95266
12.831442,27,1037.146507
0.254243,5,1037.402443
0.198053,5,1037.607291
-0.4936,5,1037.810678
-1.13501,5,1038.015499
0.254243,5,1038.220346
-0.4936,5,1038.426619
0.254243,5,1038.631003
0.254243,5,1038.834778
-0.4936,5,1039.040099
-1.13501,5,1039.244482
2.852749,27,1040.349564
-0.4936,5,1040.552935
2.852749,27,1041.799812
2.852749,27,1042.903932
-1.13501,5,1043.110242
-0.4936,5,1043.314124
2.852749,27,1044.417727
-0.4936,5,1044.621581
-0.4936,5,1044.825432
2.852749,27,1045.989711
2.852749,27,1047.183727
-1.13501,5,1047.387057
0.198053,5,1047.591437
-1.13501,5,1047.795294
2.852749,27,1048.898866
-0.4936,5,1049.103714
0.254243,5,1049.311069
12.831442,27,1050.467257
0.198053,5,1050.673594
-0.4936,5,1050.879433
2.852749,27,1052.025194
0.254243,5,1052.270714
2.852749,27,1053.547749
0.254243,5,1053.754579
12.831442,27,1054.918196
0.198053,5,1055.123012
0.254243,5,1055.327888
-0.4936,5,1055.532254
0.254243,5,1055.739104
-1.13501,5,1055.942463
12.831442,27,1057.048543
0.254243,5,1057.252896
0.198053,5,1057.459751
0.254243,5,1057.66408
-0.4936,5,1057.86747
12.831442,27,1059.109461
-0.4936,5,1059.316293
12.831442,27,1060.41791
-0.4936,5,1060.623773
-1.13501,5,1060.827632
-1.13501,5,1061.032481
0.254243,5,1061.237798
12.831442,27,1062.351292
0.254243,5,1062.558123
-1.13501,5,1062.813216
12.831442,27,1064.013262
2.852749,27,1065.118588
0.254243,5,1065.322439
-0.4936,5,1065.527292
-0.4936,5,1065.733598
-0.4936,5,1065.937453
2.852749,27,1067.096651
-1.13501,5,1067.301003
-1.13501,5,1067.504859
-1.13501,5,1067.711606
-1.13501,5,1067.916481
-1.13501,5,1068.121813
0.254243,5,1068.324686
2.852749,27,1069.522384
2.852749,27,1070.626485
-0.4936,5,1070.832823
0.198053,5,1071.037146
-1.13501,5,1071.294569
12.831442,27,1072.399684
-1.13501,5,1072.604507
-0.4936,5,1072.811339
0.254243,5,1073.014226
2.852749,27,1074.116817
-0.4936,5,1074.413723
2.852749,27,1075.576327
-1.13501,5,1075.783169
-1.13501,5,1075.987486
-1.13501,5,1076.19283
12.831442,27,1077.296921
12.831442,27,1078.40192
2.852749,27,1079.505053
12.831442,27,1080.757719
0.198053,5,1080.964633
2.852749,27,1082.072198
2.852749,27,1083.178751
0.254243,5,1083.385086
0.254243,5,1083.59192
2.852749,27,1084.750647
-1.13501,5,1084.955488
2.852749,27,1086.150923
-0.4936,5,1086.353787
-0.4936,5,1086.559617
0.254243,5,1086.763483
-0.4936,5,1086.966842
12.831442,27,1088.069921
-0.4936,5,1088.326964
-0.4936,5,1088.531292
12.831442,27,1089.635107
-0.4936,5,1089.839928
0.198053,5,1090.047256
-0.4936,5,1090.252103
-0.4936,5,1090.546253
-0.4936,5,1090.749959
-0.4936,5,1090.953804
-0.4936,5,1091.157687
0.254243,5,1091.363003
0.254243,5,1091.567384
-1.13501,5,1091.771736
-0.4936,5,1091.975564
2.852749,27,1093.133228
2.852749,27,1094.236828
2.852749,27,1095.343406
-1.13501,5,1095.547785
-1.13501,5,1095.751637
-0.4936,5,1096.045213
2.852749,27,1097.200867
-1.13501,5,1097.405686
0.198053,5,1097.610039
0.198053,5,1097.813921
12.831442,27,1098.916007
-0.4936,5,1099.119863
-1.13501,5,1099.323251
0.198053,5,1099.527091
-0.4936,5,1099.733939
2.852749,27,1100.888103
2.852749,27,1102.07903
0.198053,5,1102.283876
0.254243,5,1102.490703
0.198053,5,1102.695056
0.198053,5,1102.899414
2.852749,27,1104.003022
0.198053,5,1104.206865
0.254243,5,1104.414196
-0.4936,5,1104.618049
-1.13501,5,1104.820889
2.852749,27,1105.979073
0.198053,5,1106.183418
2.852749,27,1107.378669
2.852749,27,1108.485741
-0.4936,5,1108.692074
12.831442,27,1109.849222
-1.13501,5,1110.053106
-1.13501,5,1110.256957
0.254243,5,1110.461298
-1.13501,5,1110.66517
0.198053,5,1110.872994
-0.4936,5,1111.076843
0.198053,5,1111.2817
0.254243,5,1111.48754
12.831442,27,1112.683938
0.254243,5,1112.890771
0.254243,5,1113.094655
-1.13501,5,1113.301459
2.852749,27,1114.467531
2.852749,27,1115.57162
-0.4936,5,1115.777458
12.831442,27,1116.887532
-0.4936,5,1117.091361
12.831442,27,1118.333284
0.254243,5,1118.537164
-0.4936,5,1118.744095
0.198053,5,1118.948939
12.831442,27,1120.05419
-1.13501,5,1120.258543
0.254243,5,1120.46487
0.198053,5,1120.669818
2.852749,27,1121.775346
0.198053,5,1122.032274
12.831442,27,1123.230973
0.254243,5,1123.437308
2.852749,27,1124.542426
0.198053,5,1124.747742
-1.13501,5,1124.952614
-1.13501,5,1125.157961
-1.13501,5,1125.36179
0.198053,5,1125.566172
-0.4936,5,1125.770518
-0.4936,5,1125.975343
-0.4936,5,1126.231307
-0.4936,5,1126.438606
-1.13501,5,1126.642463
2.852749,27,1127.747579
0.198053,5,1127.950931
2.852749,27,1129.14759
0.198053,5,1129.351474
0.254243,5,1129.554806
0.198053,5,1129.762134
0.254243,5,1129.967478
-1.13501,5,1130.172349
12.831442,27,1131.329522
-1.13501,5,1131.535858
2.852749,27,1132.638935
12.831442,27,1133.837795
0.198053,5,1134.041651
-0.4936,5,1134.245999
0.198053,5,1134.449856
0.254243,5,1134.708744
12.831442,27,1135.815817
-1.13501,5,1136.020169
12.831442,27,1137.1243
0.254243,5,1137.328617
12.831442,27,1138.431745
0.254243,5,1138.635112
-0.4936,5,1138.890872
12.831442,27,1140.085366
-0.4936,5,1140.289231
2.852749,27,1141.392304
12.831442,27,1142.496456
0.254243,5,1142.701927
2.852749,27,1143.861544
-0.4936,5,1144.065372
0.254243,5,1144.269752
-1.13501,5,1144.567702
-1.13501,5,1144.776001
-1.13501,5,1144.98035
-1.13501,5,1145.183686
0.254243,5,1145.387046
0.254243,5,1145.591917
0.198053,5,1145.796754
-0.4936,5,1146.002111
-0.4936,5,1146.20597
0.198053,5,1146.408836
-0.4936,5,1146.613181
0.254243,5,1146.819021
0.198053,5,1147.022882
12.831442,27,1148.17707
0.198053,5,1148.383395
12.831442,27,1149.487011
12.831442,27,1150.683756
-0.4936,5,1150.888111
0.254243,5,1151.091969
-1.13501,5,1151.295322
12.831442,27,1152.45203
0.198053,5,1152.655397
2.852749,27,1153.758925
0.254243,5,1153.966872
-1.13501,5,1154.171719
12.831442,27,1155.367079
0.198053,5,1155.571455
0.254243,5,1155.827368
0.254243,5,1156.031252
0.254243,5,1156.236073
-1.13501,5,1156.44194
2.852749,27,1157.548274
2.852749,27,1158.652368
-0.4936,5,1158.856197
-0.4936,5,1159.062533
12.831442,27,1160.216259
0.198053,5,1160.423061
2.852749,27,1161.618941
2.852749,27,1162.72552
12.831442,27,1163.827634
12.831442,27,1164.98577
12.831442,27,1166.179207
0.198053,5,1166.386044
12.831442,27,1167.489615
0.254243,5,1167.693495
0.254243,5,1167.896858
0.254243,5,1168.099722
2.852749,27,1169.255895
-1.13501,5,1169.46072
-1.13501,5,1169.665101
-1.13501,5,1169.86992
12.831442,27,1170.973548
-0.4936,5,1171.177377
-1.13501,5,1171.472028
12.831442,27,1172.637997
0.198053,5,1172.844342
2.852749,27,1173.949451
0.198053,5,1174.153805
-0.4936,5,1174.359616
12.831442,27,1175.465696
2.852749,27,1176.569792
0.198053,5,1176.919008
12.831442,27,1178.023042
-1.13501,5,1178.227422
2.852749,27,1179.329535
-0.4936,5,1179.534382
0.198053,5,1179.738734
-0.4936,5,1179.94457
2.852749,27,1181.103231
12.831442,27,1182.303065
-0.4936,5,1182.50692
-0.4936,5,1182.711887
2.852749,27,1183.819432
0.254243,5,1184.023315
0.254243,5,1184.227144
-0.4936,5,1184.432486
2.852749,27,1185.590151
0.254243,5,1185.798
-1.13501,5,1186.001831
12.831442,27,1187.105456
-1.13501,5,1187.309785
-1.13501,5,1187.513664
0.198053,5,1187.810279
-1.13501,5,1188.016116
12.831442,27,1189.120214
-1.13501,5,1189.378134
-1.13501,5,1189.582981
0.198053,5,1189.78931
2.852749,27,1190.891922
0.198053,5,1191.09847
-1.13501,5,1191.301853
0.254243,5,1191.506205
0.254243,5,1191.710061
-1.13501,5,1191.914419
-0.4936,5,1192.120258
0.254243,5,1192.325079
0.254243,5,1192.528465
-1.13501,5,1192.732818
12.831442,27,1193.983776
2.852749,27,1195.089353
1.894463,27,1196.191452
2.852749,27,1197.301028
0.254243,5,1197.505384
12.831442,27,1198.757411
-0.4936,5,1198.962181
0.198053,5,1199.165513
-0.4936,5,1199.368897
0.198053,5,1199.574743
2.852749,27,1200.681291
-0.4936,5,1200.886138
2.852749,27,1202.048201
-0.4936,5,1202.252915
2.852749,27,1203.358499
-1.13501,5,1203.562852
-1.13501,5,1203.76668
0.254243,5,1204.061799
-1.13501,5,1204.266179
-0.4936,5,1204.471992
-0.4936,5,1204.675378
12.831442,27,1205.779968
-0.4936,5,1205.983801
12.831442,27,1207.139984
2.852749,27,1208.245051
-1.13501,5,1208.449409
-0.4936,5,1208.65522
0.198053,5,1208.860067
2.852749,27,1210.057062
-0.4936,5,1210.260946
12.831442,27,1211.417815
0.254243,5,1211.622663
0.254243,5,1211.827511
-1.13501,5,1212.031891
0.254243,5,1212.237236
2.852749,27,1213.342932
12.831442,27,1214.446561
2.852749,27,1215.697128
0.198053,5,1215.903463
0.254243,5,1216.110296
2.852749,27,1217.214393
12.831442,27,1218.317993
12.831442,27,1219.477212
-0.4936,5,1219.681592
12.831442,27,1220.874968
0.254243,5,1221.078797
-0.4936,5,1221.282653
12.831442,27,1222.386254
12.831442,27,1223.541922
12.831442,27,1224.646429
12.831442,27,1225.844074
0.198053,5,1226.046938
0.254243,5,1226.253251
0.254243,5,1226.456639
12.831442,27,1227.613283
-1.13501,5,1227.817636
12.831442,27,1228.920271
12.831442,27,1230.023872
-0.4936,5,1230.22822
-1.13501,5,1230.433044
-1.13501,5,1230.640373
0.254243,5,1230.934525
12.831442,27,1232.091314
12.831442,27,1233.196926
0.198053,5,1233.401773
-1.13501,5,1233.605626
-0.4936,5,1233.810967
2.852749,27,1234.916531
2.852749,27,1236.070727
0.198053,5,1236.36785
-1.13501,5,1236.57121
2.852749,27,1237.678288
0.254243,5,1237.882139
12.831442,27,1238.98624
12.831442,27,1240.144396
2.852749,27,1241.246509
12.831442,27,1242.441333
-1.13501,5,1242.646668
2.852749,27,1243.751762
0.254243,5,1243.955616
12.831442,27,1245.114145
-0.4936,5,1245.319962
-1.13501,5,1245.524833
0.198053,5,1245.729189
-0.4936,5,1245.933018
12.831442,27,1247.14229
12.831442,27,1248.246858
-0.4936,5,1248.503318
0.254243,5,1248.709131
-0.4936,5,1248.913015
0.198053,5,1249.116375
0.254243,5,1249.320729
12.831442,27,1250.425292
0.254243,5,1250.629171
-0.4936,5,1250.834519
0.254243,5,1251.038377
0.254243,5,1251.241732
0.198053,5,1251.446084
0.198053,5,1251.65242
0.198053,5,1251.855781
0.254243,5,1252.0611
0.198053,5,1252.264985
0.254243,5,1252.559112
-0.4936,5,1252.817005
-1.13501,5,1253.020391
0.254243,5,1253.223748
2.852749,27,1254.327847
0.254243,5,1254.534654
-1.13501,5,1254.738014
0.198053,5,1254.941893
-0.4936,5,1255.147213
12.831442,27,1256.25134
0.198053,5,1256.454699
0.254243,5,1256.661999
12.831442,27,1257.909316
0.198053,5,1258.114055
2.852749,27,1259.217275
0.254243,5,1259.422156
12.831442,27,1260.526243
0.198053,5,1260.730105
0.198053,5,1260.934427
0.198053,5,1261.191388
-1.13501,5,1261.39822
12.831442,27,1262.499619
2.852749,27,1263.694975
-1.13501,5,1263.902801
0.198053,5,1264.106653
-0.4936,5,1264.310486
0.198053,5,1264.513869
-1.13501,5,1264.719191
0.198053,5,1264.923569
-0.4936,5,1265.127398
12.831442,27,1266.286983
-1.13501,5,1266.490834
12.831442,27,1267.597907
0.254243,5,1267.802263
-1.13501,5,1268.007111
0.198053,5,1268.211464
-1.13501,5,1268.414796
2.852749,27,1269.663641
0.254243,5,1269.867993
2.852749,27,1270.972502
0.254243,5,1271.178365
-0.4936,5,1271.382714
12.831442,27,1272.486813
-0.4936,5,1272.690658
-0.4936,5,1272.894025
2.852749,27,1274.151924
12.831442,27,1275.251815
-1.13501,5,1275.458156
2.852749,27,1276.563241
12.831442,27,1277.669297
0.254243,5,1277.926061
0.198053,5,1278.132893
12.831442,27,1279.238505
0.198053,5,1279.533156
0.254243,5,1279.737012
-1.13501,5,1279.941833
-0.4936,5,1280.146219
-1.13501,5,1280.350536
2.852749,27,1281.45615
0.198053,5,1281.661011
2.852749,27,1282.819133
0.198053,5,1283.02301
0.198053,5,1283.227837
0.198053,5,1283.432166
-1.13501,5,1283.63853
0.254243,5,1283.842358
12.831442,27,1285.037744
-0.4936,5,1285.2421
2.852749,27,1286.399722
2.852749,27,1287.509795
0.254243,5,1287.714617
0.254243,5,1287.917978
-0.4936,5,1288.121834
-1.13501,5,1288.325721
-1.13501,5,1288.53007
-0.4936,5,1288.735881
-0.4936,5,1288.939265
2.852749,27,1290.043339
0.254243,5,1290.337511
0.254243,5,1290.593032
12.831442,27,1291.698022
0.254243,5,1291.902375
2.852749,27,1293.007959
2.852749,27,1294.111076
0.198053,5,1294.317427
2.852749,27,1295.476579
0.198053,5,1295.7712
2.852749,27,1296.875793
12.831442,27,1297.977881
0.254243,5,1298.181264
-1.13501,5,1298.385125
2.852749,27,1299.54661
-0.4936,5,1299.75096
0.254243,5,1299.957302
0.198053,5,1300.16163
0.254243,5,1300.365459
-1.13501,5,1300.568847
-1.13501,5,1300.775154
-1.13501,5,1301.072282
12.831442,27,1302.176355
2.852749,27,1303.334552
-0.4936,5,1303.538907
12.831442,27,1304.646945
12.831442,27,1305.750572
-1.13501,5,1305.9574
-1.13501,5,1306.161176
-1.13501,5,1306.456673
-1.13501,5,1306.662016
-1.13501,5,1306.868851
0.198053,5,1307.073215
-1.13501,5,1307.277052
-0.4936,5,1307.535882
-1.13501,5,1307.739243
2.852749,27,1308.842844
2.852749,27,1309.946966
0.254243,5,1310.152803
-0.4936,5,1310.357649
0.198053,5,1310.563987
2.852749,27,1311.720164
0.254243,5,1312.014793
-1.13501,5,1312.219613
2.852749,27,1313.321229
12.831442,27,1314.424829
-1.13501,5,1314.629208
-1.13501,5,1314.835023
-1.13501,5,1315.038383
2.852749,27,1316.200541
-1.13501,5,1316.404391
0.254243,5,1316.61074
2.852749,27,1317.803104
0.254243,5,1318.007361
-1.13501,5,1318.213226
2.852749,27,1319.316802
-0.4936,5,1319.521182
12.831442,27,1320.677755
2.852749,27,1321.781879
-0.4936,5,1321.986204
0.198053,5,1322.19254
-0.4936,5,1322.396916
-0.4936,5,1322.693032
0.254243,5,1322.897381
-0.4936,5,1323.101709
2.852749,27,1324.2088
-0.4936,5,1324.463846
0.198053,5,1324.670673
0.198053,5,1324.874529
0.254243,5,1325.080357
0.254243,5,1325.283706
-0.4936,5,1325.490043
0.198053,5,1325.695429
-0.4936,5,1325.899278
0.198053,5,1326.103637
0.254243,5,1326.30747
-1.13501,5,1326.513829
-1.13501,5,1326.71819
2.852749,27,1327.820794
12.831442,27,1329.063241
-1.13501,5,1329.267069
-0.4936,5,1329.473432
2.852749,27,1330.574526
-0.4936,5,1330.780886
0.254243,5,1330.984221
0.198053,5,1331.188597
0.198053,5,1331.392457
2.852749,27,1332.502479
-1.13501,5,1332.75891
0.198053,5,1332.962792
-0.4936,5,1333.167142
0.198053,5,1333.463254
0.254243,5,1333.671551
2.852749,27,1334.7765
0.254243,5,1334.980352
2.852749,27,1336.084424
-0.4936,5,1336.288807
-0.4936,5,1336.492164
-0.4936,5,1336.699486
2.852749,27,1337.869081
2.852749,27,1339.083758
-1.13501,5,1339.286622
2.852749,27,1340.389255
2.852749,27,1341.544933
2.852749,27,1342.649855
-1.13501,5,1342.854184
0.198053,5,1343.059032
12.831442,27,1344.252409
-1.13501,5,1344.456294
2.852749,27,1345.614425
12.831442,27,1346.718049
0.198053,5,1346.924858
0.198053,5,1347.129232
-1.13501,5,1347.33753
0.254243,5,1347.541905
2.852749,27,1348.647537
12.831442,27,1349.898204
2.852749,27,1351.002325
-0.4936,5,1351.207176
12.831442,27,1352.316702
-1.13501,5,1352.523065
2.852749,27,1353.628126
12.831442,27,1354.787488
-0.4936,5,1355.082458
-1.13501,5,1355.286838
0.198053,5,1355.493669
-0.4936,5,1355.696506
-1.13501,5,1355.900385
2.852749,27,1357.005474
0.198053,5,1357.210822
0.254243,5,1357.414681
2.852749,27,1358.577301
0.198053,5,1358.781159
2.852749,27,1359.883267
0.254243,5,1360.087624
-1.13501,5,1360.291975
12.831442,27,1361.486879
0.198053,5,1361.690763
12.831442,27,1362.846415
12.831442,27,1363.955004
-1.13501,5,1364.159356
2.852749,27,1365.264416
0.254243,5,1365.467803
12.831442,27,1366.718012
-1.13501,5,1366.924845
-1.13501,5,1367.129197
2.852749,27,1368.23629
2.852749,27,1369.342454
0.254243,5,1369.547273
2.852749,27,1370.701465
12.831442,27,1371.894856
2.852749,27,1372.998456
0.254243,5,1373.202803
-0.4936,5,1373.406636
2.852749,27,1374.509245
-1.13501,5,1374.712628
12.831442,27,1375.868285
-0.4936,5,1376.072655
0.254243,5,1376.27652
0.254243,5,1376.482361
-0.4936,5,1376.775017
0.254243,5,1376.980384
0.254243,5,1377.185209
-1.13501,5,1377.389589
-0.4936,5,1377.594409
-0.4936,5,1377.799777
-1.13501,5,1378.003141
0.254243,5,1378.206993
0.254243,5,1378.411345
2.852749,27,1379.568687
-1.13501,5,1379.772453
12.831442,27,1380.882529
2.852749,27,1382.070915
0.254243,5,1382.274271
2.852749,27,1383.430853
0.198053,5,1383.63521
12.831442,27,1384.742281
-1.13501,5,1384.946606
0.198053,5,1385.150462
0.254243,5,1385.354814
2.852749,27,1386.456954
-1.13501,5,1386.662795
0.254243,5,1386.86715
0.254243,5,1387.071993
2.852749,27,1388.312842
-1.13501,5,1388.517196
2.852749,27,1389.620275
12.831442,27,1390.723413
-0.4936,5,1390.930212
0.254243,5,1391.135059
12.831442,27,1392.295955
-1.13501,5,1392.499338
0.254243,5,1392.795951
12.831442,27,1393.901011
2.852749,27,1395.0066
-0.4936,5,1395.211467
0.198053,5,1395.415815
12.831442,27,1396.572964
-0.4936,5,1396.780812
0.198053,5,1396.98514
0.254243,5,1397.188996
-1.13501,5,1397.392377
2.852749,27,1398.588954
12.831442,27,1399.69203
0.198053,5,1399.897897
0.198053,5,1400.101756
0.198053,5,1400.359647
-0.4936,5,1400.564991
0.254243,5,1400.769343
12.831442,27,1401.873964
-1.13501,5,1402.078315
2.852749,27,1403.182533
-1.13501,5,1403.386889
-1.13501,5,1403.680517
-0.4936,5,1403.886858
-1.13501,5,1404.090218
-0.4936,5,1404.295538
12.831442,27,1405.45304
-0.4936,5,1405.656923
-1.13501,5,1405.860775
2.852749,27,1406.969335
12.831442,27,1408.073408
2.852749,27,1409.316556
12.831442,27,1410.423202
-0.4936,5,1410.628052
0.198053,5,1410.832442
0.254243,5,1411.036794
0.254243,5,1411.241021
-1.13501,5,1411.444873
2.852749,27,1412.554718
2.852749,27,1413.714178
0.254243,5,1413.919026
0.198053,5,1414.126239
0.254243,5,1414.418879
0.198053,5,1414.625715
-1.13501,5,1414.830142
12.831442,27,1415.935702
-0.4936,5,1416.140579
12.831442,27,1417.301219
0.198053,5,1417.505048
12.831442,27,1418.611624
-0.4936,5,1418.816006
2.852749,27,1420.006873
-1.13501,5,1420.211687
0.198053,5,1420.415605
0.254243,5,1420.619489
-0.4936,5,1420.826812
12.831442,27,1421.988917
2.852749,27,1423.09539
0.254243,5,1423.301728
-1.13501,5,1423.505083
2.852749,27,1424.611659
-1.13501,5,1424.815988
-0.4936,5,1425.019869
-0.4936,5,1425.311011
-1.13501,5,1425.569907
0.254243,5,1425.777236
-1.13501,5,1425.981618
12.831442,27,1427.084693
-0.4936,5,1427.289072
-1.13501,5,1427.492433
2.852749,27,1428.59551
12.831442,27,1429.761325
12.831442,27,1430.956697
-1.13501,5,1431.160057
-1.13501,5,1431.364933
0.198053,5,1431.571241
0.254243,5,1431.77711
0.198053,5,1431.981448
12.831442,27,1433.085558
0.254243,5,1433.290402
0.254243,5,1433.494235
-0.4936,5,1433.702086
2.852749,27,1434.860739
0.198053,5,1435.064571
0.254243,5,1435.269431
0.254243,5,1435.473299
12.831442,27,1436.672627
0.198053,5,1436.876467
0.254243,5,1437.080316
-1.13501,5,1437.284697
0.198053,5,1437.489529
12.831442,27,1438.643949
-1.13501,5,1438.847805
2.852749,27,1439.950437
2.852749,27,1441.053546
2.852749,27,1442.245948
12.831442,27,1443.403456
-0.4936,5,1443.60731
2.852749,27,1444.711908
0.198053,5,1444.915238
2.852749,27,1446.019358
12.831442,27,1447.26706
-1.13501,5,1447.471876
0.198053,5,1447.676228
12.831442,27,1448.788784
0.198053,5,1448.993629
0.198053,5,1449.200962
0.254243,5,1449.40581
2.852749,27,1450.508417
-1.13501,5,1450.764822
0.198053,5,1450.969201
12.831442,27,1452.16059
0.254243,5,1452.364918
-0.4936,5,1452.569298
-1.13501,5,1452.773154
0.254243,5,1452.977007
12.831442,27,1454.084084
0.198053,5,1454.286919
12.831442,27,1455.445504
0.254243,5,1455.64938
-1.13501,5,1455.853707
0.198053,5,1456.05767
0.254243,5,1456.26402
12.831442,27,1457.367125
2.852749,27,1458.558521
2.852749,27,1459.717113
2.852749,27,1460.823617
0.198053,5,1461.027451
0.198053,5,1461.232299
-1.13501,5,1461.43717
-1.13501,5,1461.644502
0.198053,5,1461.848331
0.254243,5,1462.052186
2.852749,27,1463.247077
2.852749,27,1464.403233
0.198053,5,1464.607608
0.254243,5,1464.811469
2.852749,27,1465.915538
0.254243,5,1466.118922
2.852749,27,1467.226488
-1.13501,5,1467.432307
12.831442,27,1468.682795
0.254243,5,1468.886624
0.198053,5,1469.091008
0.198053,5,1469.295355
12.831442,27,1470.400936
0.254243,5,1470.604769
0.254243,5,1470.80912
-0.4936,5,1471.012976
2.852749,27,1472.170023
2.852749,27,1473.273757
12.831442,27,1474.469621
2.852749,27,1475.573695
-0.4936,5,1475.778548
0.198053,5,1475.982399
-0.4936,5,1476.23883
12.831442,27,1477.346356
0.254243,5,1477.550685
-1.13501,5,1477.754541
-1.13501,5,1477.958921
0.254243,5,1478.164265
0.198053,5,1478.369582
0.198053,5,1478.573955
-0.4936,5,1478.778781
-0.4936,5,1478.982638
12.831442,27,1480.180998
12.831442,27,1481.342533
2.852749,27,1482.446167
-1.13501,5,1482.650515
0.198053,5,1482.857814
2.852749,27,1483.963428
-0.4936,5,1484.167771
2.852749,27,1485.418417
12.831442,27,1486.523039
-0.4936,5,1486.726864
-0.4936,5,1486.931217
-0.4936,5,1487.136065
-0.4936,5,1487.342424
-0.4936,5,1487.545789
-1.13501,5,1487.750609
2.852749,27,1488.909545
0.198053,5,1489.114366
12.831442,27,1490.307246
-0.4936,5,1490.511626
-1.13501,5,1490.715981
0.254243,5,1490.921789
-1.13501,5,1491.127164
2.852749,27,1492.230759
0.254243,5,1492.435086
-0.4936,5,1492.640926
0.254243,5,1492.84627
0.254243,5,1493.104221
-0.4936,5,1493.311045
-0.4936,5,1493.517883
-1.13501,5,1493.721243
-0.4936,5,1493.925596
-1.13501,5,1494.129449
0.254243,5,1494.332799
0.198053,5,1494.536668
-1.13501,5,1494.743472
12.831442,27,1495.93193
-1.13501,5,1496.136774
0.198053,5,1496.343111
12.831442,27,1497.500581
2.852749,27,1498.604192
12.831442,27,1499.708446
0.198053,5,1499.911806
-1.13501,5,1500.11569
-0.4936,5,1500.319542
0.198053,5,1500.524892
-1.13501,5,1500.820553
-1.13501,5,1501.024409
2.852749,27,1502.182092
12.831442,27,1503.290129
0.254243,5,1503.494015
12.831442,27,1504.596643
-0.4936,5,1504.803949
0.254243,5,1505.007778
2.852749,27,1506.25545
-1.13501,5,1506.461293
12.831442,27,1507.567343
0.254243,5,1507.771227
-1.13501,5,1507.975055
0.254243,5,1508.181391
-0.4936,5,1508.386763
-0.4936,5,1508.590591
2.852749,27,1509.694716
0.254243,5,1509.95164
12.831442,27,1511.057719
-1.13501,5,1511.26356
12.831442,27,1512.456941
-0.4936,5,1512.663249
12.831442,27,1513.769353
0.198053,5,1514.02477
0.254243,5,1514.230113
12.831442,27,1515.337183
12.831442,27,1516.444279
0.198053,5,1516.647143
-1.13501,5,1516.942818
-1.13501,5,1517.146578
12.831442,27,1518.302704
-0.4936,5,1518.507056
12.831442,27,1519.611129
-1.13501,5,1519.81449
0.198053,5,1520.020849
-1.13501,5,1520.225205
-1.13501,5,1520.429558
0.254243,5,1520.632927
2.852749,27,1521.73751
-0.4936,5,1521.941361
2.852749,27,1523.18975
0.198053,5,1523.393606
12.831442,27,1524.497035
2.852749,27,1525.599186
-1.13501,5,1525.803996
-1.13501,5,1526.009716
0.198053,5,1526.214082
-1.13501,5,1526.417924
12.831442,27,1527.575153
-0.4936,5,1527.870769
12.831442,27,1528.974862
-1.13501,5,1529.179218
0.198053,5,1529.385027
0.254243,5,1529.588913
0.198053,5,1529.79327
12.831442,27,1530.947933
12.831442,27,1532.052035
0.198053,5,1532.2559
0.254243,5,1532.460261
-0.4936,5,1532.66458
0.198053,5,1532.871412
-0.4936,5,1533.167524
-0.4936,5,1533.371908
-1.13501,5,1533.576229
0.198053,5,1533.779589
12.831442,27,1534.885192
-0.4936,5,1535.142597
0.198053,5,1535.34695
-1.13501,5,1535.550309
0.198053,5,1535.754667
2.852749,27,1536.858954
12.831442,27,1537.963576
12.831442,27,1539.158841
12.831442,27,1540.315042
2.852749,27,1541.417656
-1.13501,5,1541.622326
-0.4936,5,1541.828141
0.198053,5,1542.03151
2.852749,27,1543.135101
12.831442,27,1544.381624
0.254243,5,1544.58545
-0.4936,5,1544.792783
0.198053,5,1544.996571
12.831442,27,1546.103148
-0.4936,5,1546.307012
2.852749,27,1547.416579
12.831442,27,1548.572075
0.254243,5,1548.776923
-0.4936,5,1548.981275
-0.4936,5,1549.280361
-0.4936,5,1549.48667
0.198053,5,1549.691519
-0.4936,5,1549.895375
-1.13501,5,1550.099755
0.198053,5,1550.306587
2.852749,27,1551.410159
2.852749,27,1552.567137
2.852749,27,1553.670738
0.198053,5,1553.876081
2.852749,27,1555.073157
-0.4936,5,1555.282448
12.831442,27,1556.442116
12.831442,27,1557.547376
0.254243,5,1557.751231
12.831442,27,1558.8558
0.198053,5,1559.060649
0.198053,5,1559.267014
0.254243,5,1559.470841
12.831442,27,1560.716541
0.254243,5,1560.922877
12.831442,27,1562.02797
-0.4936,5,1562.232335
0.254243,5,1562.437144
2.852749,27,1563.545231
-0.4936,5,1563.749158
2.852749,27,1564.90658
0.254243,5,1565.111426
2.852749,27,1566.303809
0.198053,5,1566.50667
-1.13501,5,1566.711519
0.198053,5,1566.914855
12.831442,27,1568.020964
0.198053,5,1568.227302
-0.4936,5,1568.433133
-1.13501,5,1568.638457
-1.13501,5,1568.895902
0.198053,5,1569.102722
2.852749,27,1570.205321
-1.13501,5,1570.4092
12.831442,27,1571.606552
2.852749,27,1572.712136
0.198053,5,1572.916486
-1.13501,5,1573.174115
0.254243,5,1573.380974
2.852749,27,1574.482593
0.254243,5,1574.687441
-1.13501,5,1574.891298
-0.4936,5,1575.095125
2.852749,27,1576.290646
12.831442,27,1577.449487
0.198053,5,1577.654321
-0.4936,5,1577.860173
-1.13501,5,1578.063508
0.198053,5,1578.267886
0.254243,5,1578.47224
0.198053,5,1578.677088
0.254243,5,1578.880916
-0.4936,5,1579.08579
0.254243,5,1579.290613
-0.4936,5,1579.49546
2.852749,27,1580.598096
12.831442,27,1581.847321
0.198053,5,1582.050682
-1.13501,5,1582.254014
0.254243,5,1582.45889
-1.13501,5,1582.664234
0.254243,5,1582.868141
2.852749,27,1583.970751
12.831442,27,1585.075366
0.254243,5,1585.278731
0.198053,5,1585.483082
-0.4936,5,1585.743555
12.831442,27,1586.844808
2.852749,27,1588.043676
-1.13501,5,1588.247559
0.198053,5,1588.451884
12.831442,27,1589.558986
-0.4936,5,1589.766308
0.254243,5,1590.024917
-1.13501,5,1590.22846
12.831442,27,1591.332036
2.852749,27,1592.531423
0.254243,5,1592.734783
0.254243,5,1592.93812
2.852749,27,1594.049184
0.254243,5,1594.307974
-0.4936,5,1594.512327
0.198053,5,1594.719159
-1.13501,5,1594.923539
2.852749,27,1596.029592
2.852749,27,1597.134184
-0.4936,5,1597.338545
0.254243,5,1597.544376
2.852749,27,1598.791873
12.831442,27,1599.89793
0.254243,5,1600.102282
-0.4936,5,1600.306167
-0.4936,5,1600.511512
0.198053,5,1600.716828
0.254243,5,1600.921946
0.198053,5,1601.126248
12.831442,27,1602.23037
12.831442,27,1603.476909
-1.13501,5,1603.680763
-1.13501,5,1603.885087
-1.13501,5,1604.089467
12.831442,27,1605.194031
12.831442,27,1606.298705
0.254243,5,1606.502536
0.254243,5,1606.760953
0.198053,5,1606.964808
-1.13501,5,1607.168663
12.831442,27,1608.271769
0.254243,5,1608.475648
0.254243,5,1608.77176
2.852749,27,1609.875337
-0.4936,5,1610.079194
-0.4936,5,1610.28553
2.852749,27,1611.440499
0.198053,5,1611.643858
0.198053,5,1611.848707
0.198053,5,1612.052591
-1.13501,5,1612.255923
-1.13501,5,1612.459283
-1.13501,5,1612.665643
-0.4936,5,1612.868979
2.852749,27,1614.064908
0.254243,5,1614.269232
-1.13501,5,1614.473511
-0.4936,5,1614.677355
12.831442,27,1615.833011
2.852749,27,1616.941594
0.254243,5,1617.147908
-1.13501,5,1617.351296
-1.13501,5,1617.555648
-0.4936,5,1617.759973
2.852749,27,1618.868556
12.831442,27,1620.123217
12.831442,27,1621.229455
-1.13501,5,1621.432314
-0.4936,5,1621.63518
0.254243,5,1621.84151
-1.13501,5,1622.045839
0.198053,5,1622.250192
2.852749,27,1623.35382
12.831442,27,1624.509472
12.831442,27,1625.70384
-1.13501,5,1625.90772
-0.4936,5,1626.111579
0.198053,5,1626.314444
-1.13501,5,1626.518296
2.852749,27,1627.626311
12.831442,27,1628.781988
2.852749,27,1629.887579
0.254243,5,1630.091934
2.852749,27,1631.288282
0.254243,5,1631.492145
0.254243,5,1631.696461
2.852749,27,1632.855146
-1.13501,5,1633.059494
-0.4936,5,1633.267322
0.198053,5,1633.471674
0.254243,5,1633.675024
-0.4936,5,1633.878395
-0.4936,5,1634.085198
-0.4936,5,1634.290543
12.831442,27,1635.395659
-1.13501,5,1635.690256
-0.4936,5,1635.894608
2.852749,27,1637.051287
-1.13501,5,1637.257119
2.852749,27,1638.364689
-0.4936,5,1638.569041
12.831442,27,1639.674129
0.254243,5,1639.877985
0.198053,5,1640.082365
2.852749,27,1641.330435
2.852749,27,1642.433508
12.831442,27,1643.536612
12.831442,27,1644.690191
0.254243,5,1644.894047
2.852749,27,1645.999018
0.254243,5,1646.204857
2.852749,27,1647.410635
-1.13501,5,1647.614516
0.254243,5,1647.820826
0.254243,5,1648.024707
12.831442,27,1649.180797
-1.13501,5,1649.385213
2.852749,27,1650.487844
0.254243,5,1650.690686
12.831442,27,1651.887561
0.198053,5,1652.090922
2.852749,27,1653.252058
0.254243,5,1653.459384
12.831442,27,1654.567452
-0.4936,5,1654.776239
0.254243,5,1654.981111
0.198053,5,1655.184943
0.198053,5,1655.388823
0.254243,5,1655.592656
-0.4936,5,1655.797035
0.198053,5,1656.002847
-1.13501,5,1656.20672
-0.4936,5,1656.410087
12.831442,27,1657.649598
2.852749,27,1658.75816
0.254243,5,1658.962013
-1.13501,5,1659.165868
0.254243,5,1659.369725
-0.4936,5,1659.574544
2.852749,27,1660.67765
-0.4936,5,1660.880542
-1.13501,5,1661.087346
0.254243,5,1661.290706
12.831442,27,1662.445901
2.852749,27,1663.643207
-0.4936,5,1663.848579
-1.13501,5,1664.052435
0.254243,5,1664.256291
0.198053,5,1664.463096
-1.13501,5,1664.668936
0.254243,5,1664.872815
0.254243,5,1665.076648
-1.13501,5,1665.284997
-1.13501,5,1665.489346
2.852749,27,1666.650598
0.254243,5,1666.854454
0.254243,5,1667.061288
0.254243,5,1667.264642
2.852749,27,1668.462045
-1.13501,5,1668.666345
2.852749,27,1669.772426
12.831442,27,1670.936532
0.198053,5,1671.141382
12.831442,27,1672.244982
2.852749,27,1673.439351
-1.13501,5,1673.642716
0.254243,5,1673.846047
-1.13501,5,1674.049904
2.852749,27,1675.209373
0.254243,5,1675.415709
2.852749,27,1676.519806
-0.4936,5,1676.724626
0.254243,5,1676.929502
12.831442,27,1678.033576
0.198053,5,1678.238938
2.852749,27,1679.485968
2.852749,27,1680.590068
-1.13501,5,1680.796894
0.254243,5,1681.001251
12.831442,27,1682.113255
12.831442,27,1683.272324
12.831442,27,1684.461953
0.254243,5,1684.665318
12.831442,27,1685.768889
12.831442,27,1686.927877
2.852749,27,1688.03481
12.831442,27,1689.14039
0.198053,5,1689.343726
-0.4936,5,1689.640411
-0.4936,5,1689.843771
0.254243,5,1690.049111
2.852749,27,1691.209024
12.831442,27,1692.315133
-1.13501,5,1692.51948
0.198053,5,1692.723341
0.254243,5,1692.927693
0.198053,5,1693.134002
0.198053,5,1693.337857
-0.4936,5,1693.541713
2.852749,27,1694.643357
0.254243,5,1694.847682
0.254243,5,1695.140265
2.852749,27,1696.302263
0.254243,5,1696.509554
-1.13501,5,1696.713929
0.198053,5,1696.917266
0.254243,5,1697.120654
-0.4936,5,1697.325994
-0.4936,5,1697.530322
0.198053,5,1697.737681
2.852749,27,1698.841747
0.198053,5,1699.046099
-0.4936,5,1699.249982
-0.4936,5,1699.50686
12.831442,27,1700.699741
12.831442,27,1701.805846
2.852749,27,1702.908955
0.198053,5,1703.113774
0.198053,5,1703.319614
-0.4936,5,1703.522974
-0.4936,5,1703.780895
12.831442,27,1704.885487
-0.4936,5,1705.089373
-1.13501,5,1705.2962
-0.4936,5,1705.500032
-0.4936,5,1705.795692
-0.4936,5,1705.999549
-1.13501,5,1706.203907
0.198053,5,1706.408723
-0.4936,5,1706.614565
-0.4936,5,1706.818916
12.831442,27,1707.974596
0.198053,5,1708.179443
12.831442,27,1709.282076
-0.4936,5,1709.486433
2.852749,27,1710.596453
-1.13501,5,1710.800309
2.852749,27,1711.993563
0.254243,5,1712.251495
2.852749,27,1713.356112
2.852749,27,1714.461177
-0.4936,5,1714.665033
-0.4936,5,1714.869409
-1.13501,5,1715.073269
-0.4936,5,1715.279082
0.254243,5,1715.484922
-0.4936,5,1715.68977
0.254243,5,1715.894121
2.852749,27,1717.13887
12.831442,27,1718.242938
0.254243,5,1718.446822
-1.13501,5,1718.651146
-0.4936,5,1718.857506
-1.13501,5,1719.060866
0.254243,5,1719.26473
0.198053,5,1719.469051
0.254243,5,1719.673426
-1.13501,5,1719.877259
-0.4936,5,1720.084114
-0.4936,5,1720.287428
2.852749,27,1721.443297
2.852749,27,1722.635336
12.831442,27,1723.743371
12.831442,27,1724.902496
0.254243,5,1725.106376
12.831442,27,1726.20948
-0.4936,5,1726.414309
0.198053,5,1726.619181
-0.4936,5,1726.824015
-0.4936,5,1727.027885
0.198053,5,1727.231244
0.254243,5,1727.526834
0.198053,5,1727.731209
0.254243,5,1727.934545
-0.4936,5,1728.14237
2.852749,27,1729.302125
-0.4936,5,1729.506482
-1.13501,5,1729.710309
0.198053,5,1729.916669
12.831442,27,1731.020273
0.254243,5,1731.225613
0.198053,5,1731.429942
-1.13501,5,1731.633822
0.198053,5,1731.840163
2.852749,27,1733.032519
12.831442,27,1734.189458
2.852749,27,1735.294053
-1.13501,5,1735.50091
2.852749,27,1736.609473
0.254243,5,1736.813299
12.831442,27,1737.97496
0.198053,5,1738.270708
0.254243,5,1738.47608
2.852749,27,1739.580491
0.254243,5,1739.784812
2.852749,27,1740.890569
-0.4936,5,1741.098423
-0.4936,5,1741.30225
-1.13501,5,1741.506129
0.254243,5,1741.764522
-1.13501,5,1741.968907
-1.13501,5,1742.175234
0.198053,5,1742.379562
12.831442,27,1743.578988
0.254243,5,1743.783783
-0.4936,5,1743.987641
12.831442,27,1745.092237
12.831442,27,1746.246369
0.198053,5,1746.456094
-0.4936,5,1746.661464
2.852749,27,1747.763578
12.831442,27,1748.958559
2.852749,27,1750.062153
-0.4936,5,1750.319105
0.254243,5,1750.523791
0.198053,5,1750.727655
12.831442,27,1751.834224
12.831442,27,1752.938792
2.852749,27,1754.045378
12.831442,27,1755.289412
2.852749,27,1756.39254
0.254243,5,1756.59739
12.831442,27,1757.699974
-0.4936,5,1757.904845
-0.4936,5,1758.108182
12.831442,27,1759.267857
-1.13501,5,1759.474189
-0.4936,5,1759.768125
0.254243,5,1759.974457
0.198053,5,1760.178893
12.831442,27,1761.287027
12.831442,27,1762.389626
12.831442,27,1763.544838
0.254243,5,1763.749189
-1.13501,5,1763.957509
0.198053,5,1764.163819
0.254243,5,1764.367701
-1.13501,5,1764.573538
0.198053,5,1764.779376
0.254243,5,1764.985691
-0.4936,5,1765.277835
0.198053,5,1765.481691
2.852749,27,1766.582315
2.852749,27,1767.738382
12.831442,27,1768.84297
0.254243,5,1769.048289
0.254243,5,1769.251651
0.198053,5,1769.456498
-1.13501,5,1769.661377
2.852749,27,1770.854251
-0.4936,5,1771.060597
12.831442,27,1772.223712
0.198053,5,1772.428067
0.254243,5,1772.63338
12.831442,27,1773.737996
-1.13501,5,1773.942324
0.198053,5,1774.147196
0.254243,5,1774.35304
-1.13501,5,1774.556372
2.852749,27,1775.714065
0.254243,5,1776.008193
-1.13501,5,1776.212021
0.254243,5,1776.416897
2.852749,27,1777.52149
2.852749,27,1778.627485
-1.13501,5,1778.834266
12.831442,27,1779.989569
-1.13501,5,1780.195408
0.254243,5,1780.400745
12.831442,27,1781.596271
-1.13501,5,1781.800618
12.831442,27,1782.908565
0.254243,5,1783.115397
0.254243,5,1783.318284
12.831442,27,1784.476301
0.254243,5,1784.680161
12.831442,27,1785.783261
-0.4936,5,1785.987094
2.852749,27,1787.184265
-0.4936,5,1787.389112
-0.4936,5,1787.594949
0.198053,5,1787.799773
0.254243,5,1788.00462
12.831442,27,1789.170849
2.852749,27,1790.274446
0.254243,5,1790.478279
-1.13501,5,1790.682658
-1.13501,5,1790.889982
2.852749,27,1791.99061
0.254243,5,1792.340189
-1.13501,5,1792.546553
0.254243,5,1792.750901
2.852749,27,1793.854974
0.198053,5,1794.058857
-0.4936,5,1794.263182
-0.4936,5,1794.466569
-1.13501,5,1794.673977
2.852749,27,1795.779192
0.254243,5,1795.983071
0.198053,5,1796.186408
2.852749,27,1797.350025
12.831442,27,1798.540898
0.254243,5,1798.74773
0.198053,5,1798.95215
0.198053,5,1799.156008
2.852749,27,1800.259597
12.831442,27,1801.417714
-0.4936,5,1801.622976
12.831442,27,1802.730048
12.831442,27,1803.922496
-1.13501,5,1804.129851
0.254243,5,1804.334701
2.852749,27,1805.491383
12.831442,27,1806.594955
2.852749,27,1807.698599
0.254243,5,1807.902436
12.831442,27,1809.093308
2.852749,27,1810.252856
2.852749,27,1811.358435
12.831442,27,1812.463502
0.198053,5,1812.668369
0.254243,5,1812.872701
2.852749,27,1814.119646
12.831442,27,1815.22327
2.852749,27,1816.327143
2.852749,27,1817.431736
0.198053,5,1817.691636
0.198053,5,1817.895496
2.852749,27,1819.00006
-1.13501,5,1819.295146
0.198053,5,1819.499009
-1.13501,5,1819.702919
0.254243,5,1819.906777
0.198053,5,1820.112643
0.254243,5,1820.3165
2.852749,27,1821.420099
-1.13501,5,1821.623927
0.254243,5,1821.882179
2.852749,27,1822.986267
12.831442,27,1824.09484
-1.13501,5,1824.299705
2.852749,27,1825.494536
12.831442,27,1826.650706
0.198053,5,1826.855058
12.831442,27,1827.958231
0.198053,5,1828.162585
-0.4936,5,1828.366414
-1.13501,5,1828.571275
2.852749,27,1829.681791
2.852749,27,1830.929129
0.198053,5,1831.1345
0.254243,5,1831.338358
12.831442,27,1832.446393
12.831442,27,1833.552578
-1.13501,5,1833.757421
-1.13501,5,1833.961781
0.254243,5,1834.165634
0.198053,5,1834.42533
-0.4936,5,1834.630647
12.831442,27,1835.822074
2.852749,27,1836.927665
-1.13501,5,1837.132981
-0.4936,5,1837.337332
2.852749,27,1838.440464
-0.4936,5,1838.696048
2.852749,27,1839.80196
12.831442,27,1840.997528
12.831442,27,1842.102581
0.198053,5,1842.306435
2.852749,27,1843.463641
2.852749,27,1844.56771
0.198053,5,1844.771094
12.831442,27,1845.879631
0.254243,5,1846.173355
-0.4936,5,1846.37719
-1.13501,5,1846.580084
2.852749,27,1847.739234
0.198053,5,1847.944084
-0.4936,5,1848.150398
2.852749,27,1849.255901
-0.4936,5,1849.459753
2.852749,27,1850.562862
-0.4936,5,1850.767683
2.852749,27,1852.018595
0.254243,5,1852.222947
-1.13501,5,1852.429736
2.852749,27,1853.532664
2.852749,27,1854.639134
-1.13501,5,1854.842967
12.831442,27,1856.003608
0.198053,5,1856.206968
-0.4936,5,1856.412339
0.254243,5,1856.61665
-0.4936,5,1856.911701
0.198053,5,1857.115022
0.198053,5,1857.319871
0.198053,5,1857.52574
0.198053,5,1857.730086
-1.13501,5,1857.933942
-0.4936,5,1858.13728
12.831442,27,1859.243387
0.198053,5,1859.450191
-0.4936,5,1859.654543
12.831442,27,1860.810223
0.198053,5,1861.014577
0.198053,5,1861.220939
-1.13501,5,1861.428239
12.831442,27,1862.627685
12.831442,27,1863.733227
0.254243,5,1863.99065
-1.13501,5,1864.194477
-0.4936,5,1864.400345
0.198053,5,1864.605189
0.254243,5,1864.809021
-1.13501,5,1865.011885
-0.4936,5,1865.215273
0.198053,5,1865.418132
-1.13501,5,1865.621965
0.254243,5,1865.826846
0.198053,5,1866.032185
2.852749,27,1867.138265
2.852749,27,1868.386174
-0.4936,5,1868.590526
2.852749,27,1869.694126
12.831442,27,1870.800319
-0.4936,5,1871.008642
0.254243,5,1871.212475
0.198053,5,1871.416355
-1.13501,5,1871.62069
2.852749,27,1872.776817
12.831442,27,1873.972151
12.831442,27,1875.076451
-0.4936,5,1875.279815
2.852749,27,1876.383912
-1.13501,5,1876.641805
-0.4936,5,1876.847644
0.254243,5,1877.051031
0.198053,5,1877.254389
0.254243,5,1877.457752
2.852749,27,1878.653129
2.852749,27,1879.756645
0.198053,5,1879.961497
-0.4936,5,1880.166341
2.852749,27,1881.331316
-0.4936,5,1881.535175
12.831442,27,1882.643706
-1.13501,5,1882.848085
-0.4936,5,1883.053402
-1.13501,5,1883.258273
-1.13501,5,1883.462106
-1.13501,5,1883.668531
0.198053,5,1883.962469
2.852749,27,1885.116058
-0.4936,5,1885.321898
0.254243,5,1885.526746
0.254243,5,1885.731594
12.831442,27,1886.835709
-1.13501,5,1887.039535
0.198053,5,1887.243908
2.852749,27,1888.351487
-0.4936,5,1888.555819
-0.4936,5,1888.759168
0.198053,5,1888.962528
-1.13501,5,1889.310288
12.831442,27,1890.416883
12.831442,27,1891.521475
2.852749,27,1892.62458
0.198053,5,1892.830915
2.852749,27,1893.990389
12.831442,27,1895.187471
-1.13501,5,1895.391327
0.198053,5,1895.595209
-0.4936,5,1895.800741
0.254243,5,1896.006062
2.852749,27,1897.110678
2.852749,27,1898.268342
0.198053,5,1898.472199
-0.4936,5,1898.676032
2.852749,27,1899.781644
2.852749,27,1900.976483
0.198053,5,1901.180331
2.852749,27,1902.336752
0.198053,5,1902.54356
0.254243,5,1902.748408
12.831442,27,1903.853985
-1.13501,5,1904.057349
0.198053,5,1904.261182
0.198053,5,1904.464551
0.198053,5,1904.671398
-0.4936,5,1904.875726
0.254243,5,1905.079582
0.198053,5,1905.282965
2.852749,27,1906.525659
0.198053,5,1906.72952
12.831442,27,1907.836097
-0.4936,5,1908.041909
2.852749,27,1909.150989
-1.13501,5,1909.354349
-0.4936,5,1909.558184
-0.4936,5,1909.762061
0.198053,5,1909.968869
12.831442,27,1911.213498
0.198053,5,1911.417849
-0.4936,5,1911.621702
-0.4936,5,1911.827518
2.852749,27,1912.929135
-0.4936,5,1913.134999
0.254243,5,1913.33886
2.852749,27,1914.444939
0.254243,5,1914.700913
-1.13501,5,1914.905268
-0.4936,5,1915.112592
-0.4936,5,1915.315952
12.831442,27,1916.512811
-1.13501,5,1916.717164
-0.4936,5,1916.92099
0.198053,5,1917.124374
0.198053,5,1917.330687
-0.4936,5,1917.534569
-0.4936,5,1917.739418
-0.4936,5,1917.943245
0.198053,5,1918.150078
0.254243,5,1918.354454
-1.13501,5,1918.558314
0.254243,5,1918.815031
-0.4936,5,1919.019879
12.831442,27,1920.128861
0.254243,5,1920.332221
-1.13501,5,1920.536073
12.831442,27,1921.72984
0.254243,5,1921.934221
0.198053,5,1922.138072
-0.4936,5,1922.342401
0.198053,5,1922.546751
-0.4936,5,1922.75408
0.254243,5,1923.00952
-1.13501,5,1923.214368
12.831442,27,1924.31797
-0.4936,5,1924.521849
0.254243,5,1924.725209
-1.13501,5,1924.931049
-0.4936,5,1925.134881
2.852749,27,1926.239009
2.852749,27,1927.482972
12.831442,27,1928.589146
0.198053,5,1928.793491
0.254243,5,1928.99735
-0.4936,5,1929.200684
0.254243,5,1929.405555
0.198053,5,1929.608893
-0.4936,5,1929.815229
12.831442,27,1930.918853
0.198053,5,1931.122196
-0.4936,5,1931.379637
-0.4936,5,1931.583966
0.198053,5,1931.788347
-0.4936,5,1931.994683
0.198053,5,1932.199012
0.254243,5,1932.492976
2.852749,27,1933.600546
-1.13501,5,1933.804403
12.831442,27,1934.907053
0.198053,5,1935.111883
0.254243,5,1935.315243
0.254243,5,1935.520097
12.831442,27,1936.677756
0.254243,5,1936.881588
0.254243,5,1937.086499
12.831442,27,1938.281141
-0.4936,5,1938.484994
12.831442,27,1939.588094
12.831442,27,1940.74642
-1.13501,5,1940.950772
2.852749,27,1942.052885
0.254243,5,1942.258752
0.198053,5,1942.464077
12.831442,27,1943.659452
-0.4936,5,1943.863805
12.831442,27,1945.027098
2.852749,27,1946.129684
12.831442,27,1947.232787
0.198053,5,1947.439147
0.254243,5,1947.644001
2.852749,27,1948.891521
12.831442,27,1949.997101
0.254243,5,1950.200934
2.852749,27,1951.303572
-1.13501,5,1951.507922
-0.4936,5,1951.713756
0.198053,5,1951.921063
0.254243,5,1952.125414
-1.13501,5,1952.332247
0.254243,5,1952.592244
-0.4936,5,1952.798134
0.198053,5,1953.001493
12.831442,27,1954.197582
0.198053,5,1954.401435
-0.4936,5,1954.605266
0.198053,5,1954.811603
12.831442,27,1955.917216
12.831442,27,1957.076594
2.852749,27,1958.181191
0.254243,5,1958.385542
-1.13501,5,1958.590883
0.254243,5,1958.795707
-0.4936,5,1958.999068
-0.4936,5,1959.202428
2.852749,27,1960.399498
-0.4936,5,1960.603354
-1.13501,5,1960.80721
0.198053,5,1961.063619
-0.4936,5,1961.269978
12.831442,27,1962.373559
-1.13501,5,1962.578927
2.852749,27,1963.685972
-1.13501,5,1963.892832
-1.13501,5,1964.100163
0.198053,5,1964.304015
12.831442,27,1965.551362
2.852749,27,1966.654491
-0.4936,5,1966.857826
12.831442,27,1967.958974
-1.13501,5,1968.163327
-0.4936,5,1968.368147
12.831442,27,1969.524212
2.852749,27,1970.723255
-1.13501,5,1970.930087
-0.4936,5,1971.133943
2.852749,27,1972.237546
2.852749,27,1973.341637
0.198053,5,1973.598999
-0.4936,5,1973.803374
-1.13501,5,1974.009697
0.254243,5,1974.214555
0.254243,5,1974.418405
2.852749,27,1975.613668
-0.4936,5,1975.81802
2.852749,27,1976.922121
2.852749,27,1978.08006
12.831442,27,1979.184555
0.198053,5,1979.389904
0.198053,5,1979.594753
12.831442,27,1980.698325
12.831442,27,1981.894677
-1.13501,5,1982.151847
12.831442,27,1983.257851
0.198053,5,1983.4627
-0.4936,5,1983.668044
-1.13501,5,1983.873902
0.198053,5,1984.079696
-0.4936,5,1984.283057
12.831442,27,1985.387153
12.831442,27,1986.639902
0.198053,5,1986.845245
0.198053,5,1987.050617
0.198053,5,1987.254966
12.831442,27,1988.359535
-0.4936,5,1988.563418
-0.4936,5,1988.77025
0.254243,5,1988.975095
-0.4936,5,1989.179595
-0.4936,5,1989.383948
12.831442,27,1990.546347
-1.13501,5,1990.750699
12.831442,27,1991.945097
0.254243,5,1992.14942
-0.4936,5,1992.3533
-0.4936,5,1992.556157
2.852749,27,1993.661257
0.198053,5,1993.864618
-1.13501,5,1994.070925
12.831442,27,1995.226137
0.198053,5,1995.432446
12.831442,27,1996.537066
2.852749,27,1997.732526
12.831442,27,1998.887501
-0.4936,5,1999.092845
-0.4936,5,1999.299209
-0.4936,5,1999.503061
12.831442,27,2000.60936
0.254243,5,2000.812721
0.198053,5,2001.017569
0.254243,5,2001.221453
0.254243,5,2001.425777
2.852749,27,2002.621161
0.198053,5,2002.82549
12.831442,27,2003.981971
-0.4936,5,2004.18927
-1.13501,5,2004.393127
0.198053,5,2004.596514
-1.13501,5,2004.801831
0.254243,5,2005.008686
0.198053,5,2005.213015
-0.4936,5,2005.416898
-1.13501,5,2005.620751
12.831442,27,2006.724357
-1.13501,5,2006.929672
-1.13501,5,2007.134548
-1.13501,5,2007.392936
-0.4936,5,2007.596815
0.198053,5,2007.800648
12.831442,27,2008.991211
0.198053,5,2009.19554
-0.4936,5,2009.399892
-1.13501,5,2009.604297
-1.13501,5,2009.811051
-0.4936,5,2010.014907
-0.4936,5,2010.219259
12.831442,27,2011.323383
-0.4936,5,2011.579811
0.254243,5,2011.785651
0.198053,5,2011.989508
12.831442,27,2013.09038
0.198053,5,2013.387561
0.198053,5,2013.594388
-0.4936,5,2013.79874
-1.13501,5,2014.003092
0.254243,5,2014.205933
2.852749,27,2015.307549
0.254243,5,2015.512921
-1.13501,5,2015.771806
0.198053,5,2015.976184
-0.4936,5,2016.180533
0.198053,5,2016.383894
12.831442,27,2017.487967
-1.13501,5,2017.691822
12.831442,27,2018.890919
-1.13501,5,2019.094778
0.198053,5,2019.299104
-1.13501,5,2019.503975
2.852749,27,2020.664008
0.254243,5,2020.870313
-1.13501,5,2021.073674
-0.4936,5,2021.278025
0.254243,5,2021.482401
-1.13501,5,2021.687737
2.852749,27,2022.789361
-0.4936,5,2022.995702
0.254243,5,2023.199558
0.254243,5,2023.403911
0.198053,5,2023.607766
12.831442,27,2024.857548
-0.4936,5,2025.061404
-0.4936,5,2025.265779
-1.13501,5,2025.471627
0.254243,5,2025.676467
0.198053,5,2025.880397
-0.4936,5,2026.085273
0.198053,5,2026.291111
-1.13501,5,2026.494965
0.254243,5,2026.700231
-0.4936,5,2026.903591
12.831442,27,2028.008105
0.254243,5,2028.214466
0.198053,5,2028.472976
-1.13501,5,2028.677337
2.852749,27,2029.871233
2.852749,27,2030.984281
0.254243,5,2031.191113
-0.4936,5,2031.397449
0.198053,5,2031.605273
0.198053,5,2031.810618
-0.4936,5,2032.015493
12.831442,27,2033.18159
12.831442,27,2034.28913
0.254243,5,2034.49351
2.852749,27,2035.68831
0.254243,5,2035.896106
0.254243,5,2036.101451
-0.4936,5,2036.304838
-1.13501,5,2036.508666
-1.13501,5,2036.713541
0.254243,5,2036.973305
-0.4936,5,2037.177657
-1.13501,5,2037.382505
-0.4936,5,2037.587014
-1.13501,5,2037.79286
2.852749,27,2038.894943
2.852749,27,2040.003036
0.254243,5,2040.208374
0.198053,5,2040.504487
-0.4936,5,2040.709341
12.831442,27,2041.874415
-1.13501,5,2042.0778
-0.4936,5,2042.281164
-1.13501,5,2042.485488
-1.13501,5,2042.691824
-0.4936,5,2042.895709
0.198053,5,2043.101515
-0.4936,5,2043.305369
-0.4936,5,2043.509227
0.254243,5,2043.715563
0.254243,5,2043.920524
-0.4936,5,2044.124851
-1.13501,5,2044.328734
0.198053,5,2044.533059
2.852749,27,2045.693698
2.852749,27,2046.892059
0.198053,5,2047.095977
-1.13501,5,2047.30073
-1.13501,5,2047.505111
0.254243,5,2047.712439
0.254243,5,2047.915771
12.831442,27,2049.019372
2.852749,27,2050.181027
0.198053,5,2050.387364
-1.13501,5,2050.591196
0.198053,5,2050.796044
0.254243,5,2050.999901
0.254243,5,2051.29304
-1.13501,5,2051.496868
0.254243,5,2051.70122
2.852749,27,2052.804348
0.198053,5,2053.010661
0.198053,5,2053.214044
-1.13501,5,2053.418396
0.198053,5,2053.622253
2.852749,27,2054.783402
0.254243,5,2054.989705
-0.4936,5,2055.194554
2.852749,27,2056.299642
12.831442,27,2057.494992
0.198053,5,2057.698825
0.198053,5,2057.957761
0.198053,5,2058.16212
-1.13501,5,2058.367956
0.198053,5,2058.572309
2.852749,27,2059.677866
0.254243,5,2059.881746
12.831442,27,2060.986314
2.852749,27,2062.235824
0.198053,5,2062.442165
0.254243,5,2062.646016
2.852749,27,2063.750609
2.852749,27,2064.856212
0.254243,5,2065.061433
2.852749,27,2066.164565
0.254243,5,2066.424441
-1.13501,5,2066.628298
-1.13501,5,2066.832651
-0.4936,5,2067.035514
-1.13501,5,2067.239902
0.198053,5,2067.534986
12.831442,27,2068.638587
0.254243,5,2068.84145
-1.13501,5,2069.048311
0.198053,5,2069.252662
0.254243,5,2069.457014
0.254243,5,2069.661338
-1.13501,5,2069.865224
2.852749,27,2071.019414
0.198053,5,2071.22327
12.831442,27,2072.32716
-1.13501,5,2072.533987
-0.4936,5,2072.827631
12.831442,27,2073.931693
2.852749,27,2075.090868
-1.13501,5,2075.294205
0.198053,5,2075.498035
-1.13501,5,2075.702387
2.852749,27,2076.806484
2.852749,27,2077.91013
-1.13501,5,2078.203777
-1.13501,5,2078.409118
-0.4936,5,2078.613468
-0.4936,5,2078.817824
2.852749,27,2079.976035
12.831442,27,2081.085097
2.852749,27,2082.194644
0.198053,5,2082.399496
-0.4936,5,2082.603359
2.852749,27,2083.854837
0.198053,5,2084.059685
2.852749,27,2085.162817
-1.13501,5,2085.36863
0.198053,5,2085.571494
-1.13501,5,2085.775379
0.198053,5,2085.979234
-0.4936,5,2086.181597
12.831442,27,2087.283714
-1.13501,5,2087.542258
2.852749,27,2088.646678
-0.4936,5,2088.853014
-1.13501,5,2089.149225
2.852749,27,2090.251829
0.198053,5,2090.456681
0.198053,5,2090.661005
-0.4936,5,2090.864394
0.254243,5,2091.072191
-1.13501,5,2091.276074
2.852749,27,2092.437211
-0.4936,5,2092.642031
-0.4936,5,2092.848394
-1.13501,5,2093.051727
0.254243,5,2093.255611
-0.4936,5,2093.459464
-1.13501,5,2093.66379
-0.4936,5,2093.871142
0.254243,5,2094.075968
-0.4936,5,2094.369599
0.254243,5,2094.573952
0.198053,5,2094.778417
0.198053,5,2094.982767
0.198053,5,2095.186598
0.254243,5,2095.393453
-1.13501,5,2095.597801
0.198053,5,2095.801661
-1.13501,5,2096.05908
-1.13501,5,2096.261926
2.852749,27,2097.364535
-1.13501,5,2097.570375
0.198053,5,2097.774727
-0.4936,5,2097.978087
-1.13501,5,2098.18197
2.852749,27,2099.284721
0.254243,5,2099.488078
2.852749,27,2100.735594
0.254243,5,2100.938378
0.254243,5,2101.143746
12.831442,27,2102.24735
0.254243,5,2102.45071
2.852749,27,2103.558275
12.831442,27,2104.711947
-0.4936,5,2104.917291
-1.13501,5,2105.214395
2.852749,27,2106.316507
2.852749,27,2107.418123
0.254243,5,2107.623964
-0.4936,5,2107.827821
2.852749,27,2108.984494
0.198053,5,2109.188873
0.198053,5,2109.392233
-0.4936,5,2109.598046
0.198053,5,2109.803389
-1.13501,5,2110.008734
0.254243,5,2110.213109
-0.4936,5,2110.420441
