#{"t_start": 1726733228.8679178, "env_id": "None"}
r,l,t
-53.823639,22,0.917956
-142.934847,22,1.794885
-253.711658,22,2.669087
-84.132607,22,3.545425
-59.640075,22,4.579595
-386.808088,22,5.545291
-83.054288,22,6.419483
-270.933911,22,7.29748
-112.181908,22,8.175535
-84.36355,22,9.202279
-161.062109,22,10.083735
-104.689979,22,11.047842
-52.839546,22,11.925206
-282.400306,22,12.951005
-50.502032,22,13.828265
-99.483205,22,14.707712
-78.455225,22,15.585013
-92.156356,22,16.554686
-62.885461,22,17.588231
-55.572777,22,18.463579
-66.310893,22,19.343004
-53.634337,22,20.223936
-57.385466,22,21.249667
-98.335537,22,22.217532
-58.123014,22,23.093847
-57.580102,22,23.969329
-58.007222,22,24.847754
-78.293439,22,25.866431
-62.292652,22,26.740939
-60.861506,22,27.708036
-51.140105,22,28.585628
-52.559377,22,29.62219
-50.675142,22,30.500978
-46.067769,22,31.377899
-55.225114,22,32.348589
-46.477173,22,33.225318
-59.154282,22,34.257058
-87.123824,22,35.138351
-66.423162,22,36.021139
-69.436041,22,36.897215
-56.709572,22,38.01631
-52.079754,22,38.895567
-47.585672,22,39.774728
-47.046729,22,40.655199
-49.81068,22,41.535056
-48.057642,22,42.555634
-55.579287,22,43.518224
-45.120113,22,44.397241
-48.963495,22,45.272461
-46.358434,22,46.151307
-49.461186,22,47.173965
-49.835249,22,48.054917
-54.610119,22,49.0303
-47.587679,22,49.907702
-50.025598,22,50.927253
-50.020603,22,51.806756
-56.433032,22,52.688744
-46.708718,22,53.566308
-50.673496,22,54.535132
-51.119472,22,55.557061
-49.240416,22,56.439536
-44.907541,22,57.31193
-44.793064,22,58.19447
-47.64197,22,59.2189
-53.097621,22,60.184204
-49.571104,22,61.062098
-50.237216,22,61.942194
-49.367065,22,62.817971
-52.796207,22,63.842052
-48.247202,22,64.807285
-45.350544,22,65.684221
-51.336214,22,66.562553
-45.866592,22,67.586473
-49.543756,22,68.464914
-46.840787,22,69.341674
-45.055837,22,70.305416
-46.458557,22,71.187335
-50.087995,22,72.206873
-46.603285,22,73.085159
-45.363181,22,73.960584
-47.943253,22,74.839609
-46.60865,22,75.952468
-47.401304,22,76.830569
-47.282062,22,77.70946
-45.884725,22,78.586607
-47.64636,22,79.462119
-48.561154,22,80.485181
-47.285216,22,81.453142
-45.567145,22,82.330317
-45.275692,22,83.208205
-47.795724,22,84.22449
-48.626038,22,85.101454
-48.532759,22,85.981642
-47.998568,22,86.953632
-47.209074,22,87.83362
-46.542185,22,88.852489
-47.963578,22,89.734144
-50.733377,22,90.613485
-47.229793,22,91.582098
-46.337701,22,92.460004
-46.246022,22,93.481392
-47.391387,22,94.358572
-46.982994,22,95.234508
-51.848705,22,96.111918
-50.273323,22,97.216353
-49.653215,22,98.093503
-47.266231,22,98.968028
-47.256051,22,99.846495
-45.305902,22,100.723664
-46.300331,22,101.736986
-45.310619,22,102.706512
-51.782233,22,103.58917
-45.813464,22,104.465576
-50.876388,22,105.489371
-51.931009,22,106.36476
-47.707883,22,107.2421
-45.127941,22,108.201691
-48.001026,22,109.083494
-49.505274,22,110.107033
-47.207078,22,110.986418
-46.612248,22,111.865873
-49.093935,22,112.743032
-56.313984,22,113.849608
-49.886229,22,114.731937
-46.290027,22,115.608866
-49.169519,22,116.49234
-49.108553,22,117.371856
-47.064729,22,118.389998
-52.488821,22,119.35672
-50.172371,22,120.234972
-57.065373,22,121.110245
-45.745624,22,122.135776
-48.182849,22,123.017337
-46.326739,22,123.985561
-44.852197,22,124.863887
-46.468858,22,125.742815
-46.671904,22,126.761138
-49.663915,22,127.635726
-48.660761,22,128.51799
-45.15037,22,129.482726
-47.877489,22,130.50324
-46.410004,22,131.379488
-47.234762,22,132.255858
-46.240209,22,133.133368
-46.768115,22,134.0128
-47.887183,22,135.119783
-49.732228,22,135.997613
-46.98514,22,136.873635
-45.319106,22,137.751374
-49.02692,22,138.628131
-46.440291,22,139.644893
-46.335773,22,140.609775
-46.441566,22,141.489175
-51.974925,22,142.366884
-45.575604,22,143.394645
-48.699529,22,144.269232
-48.493062,22,145.15072
-47.501014,22,146.114898
-45.50841,22,146.99629
-49.456862,22,148.018572
-47.722278,22,148.898663
-46.952939,22,149.777889
-44.879104,22,150.741489
-47.148437,22,151.771724
-45.413452,22,152.645651
-48.90254,22,153.522623
-46.219707,22,154.40006
-50.686289,22,155.277956
-48.709871,22,156.392622
-44.365367,22,157.269483
-46.968871,22,158.151036
-45.8556,22,159.027318
-46.391729,22,160.053087
-47.119173,22,160.927987
-47.333765,22,161.894659
-47.319853,22,162.768883
-46.254792,22,163.645511
-45.365987,22,164.667042
-46.504135,22,165.543822
-49.75091,22,166.422211
-46.87045,22,167.391401
-51.818166,22,168.413695
-47.196933,22,169.289283
-46.057537,22,170.166591
-47.141545,22,171.04493
-48.241359,22,171.922968
-48.733699,22,173.025575
-51.340745,22,173.900938
-45.633361,22,174.778857
-47.712982,22,175.655331
-45.683893,22,176.676903
-48.610848,22,177.557137
-45.537939,22,178.522591
-49.781309,22,179.400695
-47.607539,22,180.281944
-45.55973,22,181.295116
-46.003658,22,182.17619
-46.983864,22,183.138605
-49.705475,22,184.020171
-48.158273,22,184.895987
-45.720227,22,185.918075
-47.818758,22,186.794771
-46.226944,22,187.679991
-46.244137,22,188.644775
-46.229608,22,189.66001
-46.077315,22,190.538405
-46.590135,22,191.420867
-46.083941,22,192.299414
-49.6655,22,193.176287
-45.162006,22,194.287309
-51.077634,22,195.166364
-45.537429,22,196.042799
-45.198158,22,196.919312
-49.654095,22,197.935052
-47.461413,22,198.814091
-47.859926,22,199.774274
-46.181814,22,200.653689
-45.832153,22,201.530269
-46.907329,22,202.547417
-46.449721,22,203.424802
-47.819829,22,204.305346
-47.175929,22,205.274537
-49.09649,22,206.291317
-46.84031,22,207.168
-48.472802,22,208.047414
-46.75995,22,208.925138
-47.207169,22,209.890944
-46.772636,22,210.906238
-46.903813,22,211.785817
-46.061248,22,212.663233
-44.767076,22,213.541504
-47.427046,22,214.556561
-45.402652,22,215.518069
-46.0344,22,216.395471
-48.108972,22,217.276934
-46.717269,22,218.153302
-45.955603,22,219.171463
-46.781749,22,220.049329
-45.207403,22,221.014031
-44.554647,22,221.891103
-49.287476,22,222.909764
-47.138565,22,223.786054
-49.914702,22,224.662678
-44.635178,22,225.540619
-46.304447,22,226.509682
-46.30595,22,227.534735
-46.334129,22,228.41261
-46.038939,22,229.287031
-47.754135,22,230.169049
-45.754306,22,231.048173
-49.452534,22,232.153074
-51.689078,22,233.02939
-44.034701,22,233.905327
-46.428907,22,234.781627
-45.152425,22,235.805218
-45.203482,22,236.682657
-49.704304,22,237.645827
-48.997458,22,238.524344
-50.643473,22,239.403598
-47.765714,22,240.420673
-48.801832,22,241.296684
-48.95906,22,242.269076
-48.496909,22,243.149676
-53.424627,22,244.162487
-48.663772,22,245.039821
-47.87042,22,245.921582
-47.025492,22,246.799547
-46.425316,22,247.768443
-45.8003,22,248.783674
-48.389624,22,249.665571
-52.249993,22,250.543054
-47.944742,22,251.419626
-48.829,22,252.442344
-48.698138,22,253.408047
-52.066299,22,254.289323
-50.644285,22,255.168198
-47.870253,22,256.048692
-64.387843,22,257.061426
-45.737404,22,257.939844
-96.961191,22,258.905919
-56.981982,22,259.783127
-60.372853,22,260.797439
-46.844135,22,261.671889
-52.475028,22,262.547692
-49.93046,22,263.427096
-50.76949,22,264.391721
-50.304866,22,265.418053
-47.357521,22,266.29374
-47.167996,22,267.173159
-53.011695,22,268.050532
-51.624389,22,269.170129
-48.839722,22,270.049518
-52.09982,22,270.927883
-47.763513,22,271.805936
-49.134913,22,272.6831
-46.533748,22,273.705893
-49.133416,22,274.674346
-45.527447,22,275.548736
-54.077005,22,276.430439
-48.446322,22,277.311021
-51.638029,22,278.331751
-47.806446,22,279.206863
-51.570487,22,280.174124
-54.113039,22,281.050886
-54.959272,22,282.075773
-58.249379,22,282.952207
-50.742959,22,283.826673
-49.717141,22,284.708235
-48.471863,22,285.670062
-44.891826,22,286.684639
-45.644701,22,287.563501
-45.661878,22,288.441405
-52.349361,22,289.322112
-46.990666,22,290.337802
-48.788435,22,291.305752
-47.131849,22,292.185659
-46.366615,22,293.062268
-47.586087,22,293.940379
-45.280637,22,294.967758
-50.947698,22,295.848288
-47.58765,22,296.813545
-50.74634,22,297.692953
-47.166159,22,298.707408
-46.710715,22,299.589414
-49.185567,22,300.466745
-46.958815,22,301.429592
-44.435735,22,302.306946
-43.770641,22,303.325017
-48.091923,22,304.204114
-48.192823,22,305.079375
-47.978429,22,305.956511
-49.810089,22,307.062074
-47.310046,22,307.93989
-54.406676,22,308.817209
-46.576181,22,309.693605
-48.122326,22,310.571513
-48.325591,22,311.588796
-53.073677,22,312.555896
-46.666771,22,313.432325
-51.400513,22,314.311913
-56.413671,22,315.337218
-47.267299,22,316.215258
-51.81031,22,317.092223
-51.688734,22,318.058587
-47.141792,22,318.933997
-48.850472,22,319.948371
-55.951081,22,320.825993
-59.220865,22,321.70639
-51.777208,22,322.582349
-47.609264,22,323.546696
-46.766255,22,324.571341
-48.882713,22,325.448867
-47.204418,22,326.322407
-46.649872,22,327.201349
-52.042449,22,328.305485
-50.46686,22,329.181402
-62.918691,22,330.062862
-49.481725,22,330.938117
-47.915863,22,331.815493
-50.294168,22,332.829795
-52.690143,22,333.793374
-46.817421,22,334.672284
-47.26791,22,335.553509
-44.667605,22,336.568614
-50.165318,22,337.445633
-46.820711,22,338.32422
-46.380104,22,339.293734
-46.257277,22,340.173104
-45.254836,22,341.191175
-48.502328,22,342.067567
-49.560843,22,342.947217
-46.437484,22,343.824501
-47.35119,22,344.93118
-45.069632,22,345.808138
-45.207156,22,346.684465
-45.396242,22,347.559766
-51.461177,22,348.437012
-48.028461,22,349.461569
-47.527987,22,350.427611
-47.106376,22,351.307238
-46.309119,22,352.182989
-45.761953,22,353.20548
-49.491576,22,354.081612
-46.845477,22,354.96445
-65.67215,22,355.933314
-45.085972,22,356.809592
-48.084184,22,357.832364
-50.629436,22,358.707759
-48.046049,22,359.589281
-48.135621,22,360.553398
-46.556232,22,361.571018
-54.89835,22,362.448667
-56.748293,22,363.326902
-48.152817,22,364.204782
-47.283397,22,365.083165
-48.881582,22,366.189648
-49.70115,22,367.073675
-48.989078,22,367.952066
-56.387431,22,368.830181
-55.797162,22,369.70969
-51.011168,22,370.728764
-47.293421,22,371.693998
-48.303207,22,372.573266
-45.682899,22,373.452002
-49.021429,22,374.466408
-48.021132,22,375.344739
-48.887274,22,376.2212
-47.424572,22,377.188715
-48.256099,22,378.066727
-46.426635,22,379.088545
-45.465891,22,379.963803
-48.395407,22,380.840795
-48.068441,22,381.716213
-46.123852,22,382.818218
-47.377522,22,383.69929
-46.712038,22,384.577662
-45.603451,22,385.456195
-47.721596,22,386.332064
-48.99489,22,387.450398
-48.276047,22,388.330537
-48.259087,22,389.206446
-47.821429,22,390.084248
-45.074634,22,391.104266
-47.348266,22,391.985648
-51.576084,22,392.949422
-45.38627,22,393.827855
-47.244343,22,394.704292
-48.639439,22,395.725757
-47.029177,22,396.601561
-46.775627,22,397.476015
-46.229235,22,398.435802
-48.99859,22,399.456551
-46.176517,22,400.331006
-46.440651,22,401.20838
-46.127293,22,402.086745
-46.503277,22,402.965114
-46.79904,22,404.069308
-48.174876,22,404.947686
-47.082417,22,405.82522
-45.248133,22,406.700582
-45.579972,22,407.716155
-46.118146,22,408.592075
-46.051116,22,409.559056
-48.29353,22,410.436501
-45.46967,22,411.314482
-48.165102,22,412.333414
-48.582029,22,413.216227
-46.565596,22,414.095262
-45.196901,22,415.057511
-48.184505,22,415.934866
-47.088313,22,416.953326
-49.063995,22,417.829661
-45.919162,22,418.711301
-47.433959,22,419.680512
-45.12108,22,420.700292
-47.065082,22,421.577277
-45.457253,22,422.45455
-46.415852,22,423.335894
-43.955144,22,424.218175
-45.533016,22,425.32811
-45.706279,22,426.202728
-48.102973,22,427.078713
-46.154998,22,427.955664
-48.391133,22,428.967979
-46.81115,22,429.847416
-44.668946,22,430.809462
-44.770576,22,431.685896
-47.13758,22,432.567907
-46.129314,22,433.588001
-47.409072,22,434.465451
-46.406729,22,435.342283
-47.57529,22,436.306326
-46.164929,22,437.32303
-45.259506,22,438.202461
-46.281015,22,439.076977
-46.118245,22,439.954617
-48.028463,22,440.832885
-45.970549,22,441.93827
-47.847907,22,442.817172
-46.056258,22,443.698591
-48.312201,22,444.575637
-49.138398,22,445.591295
-46.324327,22,446.554617
-47.623254,22,447.431856
-45.551769,22,448.310231
-46.866006,22,449.187613
-47.231391,22,450.204663
-47.732398,22,451.080238
-45.139692,22,452.049124
-44.384382,22,452.926078
-45.824036,22,453.951999
-46.492644,22,454.830573
-49.120701,22,455.70899
-46.402306,22,456.585892
-47.663934,22,457.549874
-45.669989,22,458.567529
-46.115358,22,459.447933
-47.321901,22,460.327327
-47.24521,22,461.206664
-46.720109,22,462.081574
-47.93745,22,463.186654
-46.517159,22,464.06601
-46.455847,22,464.942447
-45.665439,22,465.825502
-45.608779,22,466.851732
-45.096497,22,467.732318
-46.694638,22,468.701303
-46.560903,22,469.579166
-47.924122,22,470.455208
-46.192174,22,471.472265
-46.654471,22,472.352417
-46.806641,22,473.228552
-48.303458,22,474.19677
-46.156589,22,475.219435
-44.777269,22,476.100633
-47.820763,22,476.976599
-45.828111,22,477.85237
-46.10408,22,478.811534
-46.291226,22,479.828331
-47.476866,22,480.706886
-46.219125,22,481.583906
-46.434492,22,482.459846
-46.482665,22,483.488239
-46.52465,22,484.452821
-45.316807,22,485.329709
-47.957476,22,486.207907
-46.421455,22,487.084774
-50.20992,22,488.100906
-45.332777,22,488.978228
-45.225982,22,489.945117
-46.544025,22,490.821082
-47.598403,22,491.850795
-47.549788,22,492.728311
-47.664584,22,493.604877
-46.271899,22,494.479822
-46.983896,22,495.448183
-49.045417,22,496.467831
-46.832103,22,497.34539
-46.593782,22,498.222664
-48.849018,22,499.097985
-46.567899,22,500.122222
-46.264629,22,501.084356
-47.116064,22,501.963187
-46.198609,22,502.845263
-46.050518,22,503.724538
-46.114451,22,504.737355
-48.95299,22,505.70369
-45.008668,22,506.581948
-47.787536,22,507.460378
-47.075833,22,508.339509
-45.594585,22,509.358702
-46.476028,22,510.237042
-46.764818,22,511.204619
-46.640996,22,512.082259
-46.926929,22,513.098849
-46.867124,22,513.976654
-44.431562,22,514.857216
-46.767415,22,515.73708
-45.620225,22,516.706186
-45.787701,22,517.720068
-47.25632,22,518.597537
-47.057486,22,519.474429
-44.815069,22,520.354024
-46.818565,22,521.368515
-48.587237,22,522.331662
-44.66342,22,523.211204
-47.524812,22,524.087358
-45.750941,22,524.965816
-44.778111,22,525.990404
-50.395063,22,526.866456
-46.222176,22,527.833423
-45.804177,22,528.712341
-44.737725,22,529.730137
-49.220712,22,530.607732
-46.625314,22,531.487393
-45.945267,22,532.364365
-47.111045,22,533.331655
-49.08713,22,534.357929
-45.017313,22,535.234238
-46.334645,22,536.114639
-47.533621,22,536.991865
-45.507848,22,538.099422
-45.626659,22,538.979911
-46.476942,22,539.856759
-45.882759,22,540.734653
-45.136725,22,541.61051
-43.963536,22,542.631272
-46.750789,22,543.595844
-47.980478,22,544.47471
-47.035337,22,545.35472
-44.97184,22,546.371454
-45.299082,22,547.250499
-47.800091,22,548.134554
-48.549093,22,549.104271
-48.968957,22,549.98791
-45.875521,22,551.001478
-44.934124,22,551.876969
-46.004394,22,552.757313
-47.789428,22,553.63364
-49.508818,22,554.599056
-48.698759,22,555.614689
-46.488946,22,556.495091
-45.468814,22,557.371839
-45.318535,22,558.246426
-45.813214,22,559.265707
-47.371597,22,560.229731
-47.843554,22,561.1075
-46.612323,22,561.985481
-45.270987,22,562.862908
-45.111352,22,563.876855
-46.23279,22,564.846399
-46.670032,22,565.723401
-47.233808,22,566.60055
-45.079957,22,567.615248
-46.00526,22,568.497067
-48.619213,22,569.37376
-44.345477,22,570.343251
-45.342515,22,571.218515
-47.951318,22,572.241653
-46.307935,22,573.116081
-49.125751,22,573.992986
-45.251399,22,574.866645
-46.665864,22,575.970479
-46.659254,22,576.846715
-48.121552,22,577.724141
-47.481132,22,578.60148
-44.841345,22,579.47932
-46.228484,22,580.496317
-48.56525,22,581.460013
-50.043124,22,582.334991
-46.952967,22,583.210857
-46.639388,22,584.2252
-46.413221,22,585.101555
-48.192426,22,585.97878
-51.77766,22,586.942354
-49.580295,22,587.82129
-47.129035,22,588.832312
-45.923529,22,589.71313
-48.817778,22,590.590347
-48.914293,22,591.468793
-46.935464,22,592.588832
-47.674831,22,593.465882
-46.213682,22,594.345073
-44.848368,22,595.220082
-53.562486,22,596.096558
-45.505159,22,597.202657
-45.997194,22,598.079091
-52.560119,22,598.956992
-49.535688,22,599.834737
-47.213507,22,600.71264
-55.382174,22,601.727986
-46.456466,22,602.690562
-50.330673,22,603.570962
-52.264617,22,604.452484
-59.772068,22,605.473277
-47.214028,22,606.351106
-46.737612,22,607.229604
-48.346026,22,608.195499
-48.316205,22,609.073554
-49.465891,22,610.093642
-46.130903,22,610.970639
-48.208794,22,611.849043
-48.812281,22,612.727275
-45.780378,22,613.826986
-47.668258,22,614.715537
-47.971267,22,615.592961
-48.576838,22,616.469051
-51.459488,22,617.347308
-49.631957,22,618.364681
-46.002708,22,619.333475
-48.326556,22,620.216357
-53.747309,22,621.09576
-46.649388,22,622.122547
-47.75587,22,622.998947
-46.812858,22,623.964432
-46.912912,22,624.841739
-45.7348,22,625.721644
-45.694083,22,626.743163
-45.479576,22,627.620589
-48.89265,22,628.494074
-49.823997,22,629.456246
-47.524234,22,630.473766
-48.496929,22,631.35323
-45.636809,22,632.230971
-48.328194,22,633.109811
-47.999468,22,633.98879
-45.594949,22,635.100693
-49.753885,22,635.977813
-46.479891,22,636.855242
-45.823407,22,637.732678
-48.18072,22,638.751125
-48.454412,22,639.629888
-48.978864,22,640.599141
-44.245379,22,641.476346
-50.122109,22,642.352874
-47.797771,22,643.371134
-47.001546,22,644.247141
-49.189314,22,645.127219
-46.553509,22,646.088669
-45.516843,22,646.965841
-49.336806,22,647.98377
-48.317287,22,648.862718
-45.361569,22,649.741292
-50.465856,22,650.622022
-46.775829,22,651.729147
-45.614913,22,652.605879
-45.571547,22,653.483175
-45.811992,22,654.362129
-48.312065,22,655.2386
-56.590083,22,656.344549
-44.346062,22,657.223351
-45.788943,22,658.099288
-48.511559,22,658.97452
-45.922685,22,659.98852
-46.74071,22,660.863591
-49.22163,22,661.829788
-46.433223,22,662.707619
-47.745366,22,663.58599
-49.904386,22,664.601115
-44.580466,22,665.477975
-47.00738,22,666.358418
-53.093838,22,667.322306
-46.677468,22,668.335941
-48.954597,22,669.212762
-46.829103,22,670.091666
-57.307758,22,670.972272
-51.968314,22,671.850127
-54.385903,22,672.955544
-47.303336,22,673.838102
-54.712148,22,674.715026
-48.839654,22,675.593181
-47.497663,22,676.606487
-48.664558,22,677.486148
-58.882135,22,678.448408
-74.122009,22,679.324279
-56.635296,22,680.20458
-48.623327,22,681.227364
-47.892138,22,682.102803
-57.972794,22,683.071058
-56.676991,22,683.94861
-54.29861,22,684.964946
-54.294093,22,685.842113
-49.128569,22,686.719721
-56.933021,22,687.601131
-63.938012,22,688.56677
-48.938677,22,689.586462
-50.472832,22,690.463515
-45.887388,22,691.339965
-48.315628,22,692.215359
-56.485604,22,693.09185
-58.104091,22,694.199427
-48.265337,22,695.076461
-45.658174,22,695.952742
-52.89218,22,696.829758
-45.064495,22,697.843057
-50.561446,22,698.718993
-62.764894,22,699.687826
-51.261401,22,700.56755
-52.82567,22,701.44859
-55.373548,22,702.471429
-50.288431,22,703.348392
-46.400411,22,704.230212
-45.286862,22,705.198319
-44.720097,22,706.212023
-46.57128,22,707.089762
-46.029957,22,707.969622
-47.296707,22,708.848536
-48.594408,22,709.724018
-48.180958,22,710.837592
-49.20927,22,711.715826
-53.890665,22,712.59018
-47.223557,22,713.46756
-46.934448,22,714.481956
-58.020896,22,715.44876
-46.853703,22,716.326864
-48.1865,22,717.205045
-65.899376,22,718.0798
-50.200217,22,719.097525
-46.93642,22,719.972392
-52.118353,22,720.93767
-49.664412,22,721.81431
-57.821903,22,722.831745
-48.895415,22,723.70869
-51.958249,22,724.587024
-52.66831,22,725.465278
-51.887515,22,726.433715
-46.152387,22,727.448127
-56.847599,22,728.32602
-53.465503,22,729.201369
-58.645597,22,730.079378
-45.328161,22,731.09815
-44.695583,22,732.066052
-48.690613,22,732.944186
-49.94089,22,733.823457
-51.566427,22,734.70078
-47.875179,22,735.721011
-49.516389,22,736.602056
-48.707779,22,737.566172
-53.625346,22,738.443021
-47.553927,22,739.318461
-63.340837,22,740.332945
-54.290154,22,741.211847
-58.353012,22,742.176006
-82.993311,22,743.060387
-45.826482,22,744.074469
-53.514664,22,744.955362
-50.011889,22,745.834504
-70.54724,22,746.712196
-46.578454,22,747.679813
-49.161633,22,748.697153
-46.307976,22,749.576904
-46.490673,22,750.456543
-45.441876,22,751.333617
-48.255409,22,752.346695
-59.227049,22,753.32027
-47.909878,22,754.199131
-75.773893,22,755.077568
-49.210013,22,755.956983
-50.610956,22,756.973476
-46.598453,22,757.850827
-50.803533,22,758.81629
-45.072663,22,759.698273
-48.99573,22,760.711364
-50.664173,22,761.590354
-64.012656,22,762.467132
-44.794899,22,763.346871
-47.998158,22,764.317881
-50.153142,22,765.338405
-59.868983,22,766.216325
-52.028285,22,767.095781
-48.446148,22,767.975948
-50.145299,22,768.991727
-47.960374,22,769.958359
-47.863251,22,770.835489
-48.11546,22,771.715225
-49.793294,22,772.589611
-45.476259,22,773.608714
-47.326205,22,774.572004
-47.260777,22,775.446969
-48.150754,22,776.326087
-54.408489,22,777.344266
-47.385277,22,778.223379
-49.503193,22,779.101765
-48.960456,22,780.064086
-67.825258,22,780.942805
-50.238386,22,781.957511
-48.91337,22,782.835943
-46.403063,22,783.713861
-47.939564,22,784.590396
-52.005956,22,785.548947
-46.182067,22,786.567077
-46.338363,22,787.44849
-47.744357,22,788.328392
-45.322875,22,789.203998
-49.907843,22,790.21873
-48.288574,22,791.184804
-54.778291,22,792.061148
-49.464929,22,792.938592
-47.536941,22,793.813246
-46.198906,22,794.827539
-52.037404,22,795.703701
-44.799659,22,796.668766
-53.618154,22,797.545246
-48.168009,22,798.558106
-46.460002,22,799.436902
-47.829017,22,800.31281
-48.596746,22,801.277424
-48.701135,22,802.155544
-47.370935,22,803.170633
-46.729583,22,804.043957
-48.144845,22,804.921152
-55.044233,22,805.799452
-46.202044,22,806.906298
-48.458016,22,807.783178
-45.240506,22,808.664487
-50.756805,22,809.541057
-48.416433,22,810.418002
-46.456327,22,811.440489
-47.729957,22,812.40528
-48.956964,22,813.285847
-52.175735,22,814.162388
-46.658288,22,815.182157
-46.24418,22,816.059984
-51.247457,22,816.936641
-53.221801,22,817.902034
-49.697302,22,818.779447
-59.929758,22,819.796987
-59.660594,22,820.674507
-48.554441,22,821.548846
-61.538013,22,822.424982
-59.800614,22,823.528394
-90.098791,22,824.402367
-51.021834,22,825.280473
-54.439365,22,826.157841
-54.789004,22,827.035759
-48.548489,22,828.051494
-50.781947,22,829.014955
-49.78841,22,829.894175
-75.040601,22,830.774993
-63.268865,22,831.653808
-53.408871,22,832.675954
-58.956843,22,833.644215
-59.825903,22,834.522316
-51.695859,22,835.39942
-48.316607,22,836.41215
-48.454129,22,837.290215
-54.071137,22,838.167187
-45.60319,22,839.1318
-48.792145,22,840.009216
-49.587058,22,841.028681
-47.697583,22,841.906621
-46.069283,22,842.785935
-52.719298,22,843.663128
-45.368114,22,844.762629
-47.06389,22,845.638811
-49.991475,22,846.517709
-51.995905,22,847.395791
-51.55959,22,848.272647
-44.287492,22,849.30241
-45.451164,22,850.26953
-55.244459,22,851.14619
-53.875608,22,852.023982
-49.092853,22,853.042678
-73.228461,22,853.917485
-51.699687,22,854.797136
-50.800328,22,855.761703
-44.47983,22,856.640014
-45.458549,22,857.655205
-50.675499,22,858.531767
-59.906196,22,859.40808
-48.086635,22,860.376327
-80.834819,22,861.390234
-57.928441,22,862.270638
-57.301511,22,863.152004
-54.663684,22,864.030454
-48.415687,22,864.907105
-46.479965,22,866.017023
-51.760589,22,866.893456
-49.81244,22,867.770249
-50.080289,22,868.648217
-49.853625,22,869.668885
-49.916058,22,870.545947
-57.657093,22,871.514936
-54.034923,22,872.391384
-50.069676,22,873.268565
-50.630621,22,874.284789
-46.518641,22,875.16251
-44.895906,22,876.043854
-48.068208,22,877.010373
-51.2183,22,877.887918
-53.459008,22,878.90603
-48.391541,22,879.783432
-48.322804,22,880.660198
-52.055006,22,881.537524
-54.571778,22,882.641971
-46.981821,22,883.518424
-49.400825,22,884.396177
-46.726875,22,885.273857
-47.211524,22,886.151353
-44.594194,22,887.170363
-56.594605,22,888.134935
-47.62265,22,889.015107
-46.214013,22,889.890078
-49.118414,22,890.90415
-49.373939,22,891.785036
-50.730907,22,892.745707
-47.337791,22,893.622087
-49.714907,22,894.500129
-44.914015,22,895.516698
-47.599393,22,896.396044
-72.103909,22,897.274987
-55.200991,22,898.236717
-48.309728,22,899.253284
-59.072516,22,900.133227
-51.793037,22,901.01226
-47.986334,22,901.88957
-50.829412,22,902.764983
-51.236054,22,903.868914
-71.082073,22,904.744667
-52.377864,22,905.620112
-47.917395,22,906.497842
-56.732298,22,907.516221
-52.590734,22,908.393612
-47.631534,22,909.35623
-46.234668,22,910.231557
-51.139307,22,911.113492
-47.603625,22,912.127655
-50.636735,22,913.004204
-50.660129,22,913.884041
-48.183049,22,914.851777
-46.142193,22,915.864595
-55.538993,22,916.742023
-46.421924,22,917.61607
-46.481102,22,918.498415
-61.282945,22,919.459677
-45.373473,22,920.480111
-50.796156,22,921.355551
-48.334022,22,922.233202
-47.581631,22,923.112174
-47.795825,22,923.990033
-46.374094,22,925.113477
-49.805931,22,925.993771
-47.919714,22,926.872476
-48.890324,22,927.751071
-50.203801,22,928.768339
-44.220849,22,929.650133
-46.758025,22,930.614659
-50.046661,22,931.494467
-48.855536,22,932.371781
-44.726075,22,933.396793
-46.410522,22,934.272212
-49.41776,22,935.150109
-46.066155,22,936.115284
-44.936136,22,937.135529
-56.105198,22,938.015536
-47.709019,22,938.893955
-48.134082,22,939.771091
-49.16575,22,940.647687
-49.742517,22,941.752527
-54.292165,22,942.629921
-50.503518,22,943.507762
-48.641174,22,944.387145
-52.850512,22,945.422238
-49.374091,22,946.29746
-47.60586,22,947.262009
-46.473089,22,948.136764
-49.729942,22,949.015734
-45.849234,22,950.038996
-47.123904,22,950.915969
-45.0517,22,951.88374
-45.740813,22,952.762785
-47.618638,22,953.779814
-49.85427,22,954.655721
-46.936231,22,955.532258
-45.396644,22,956.412352
-46.95734,22,957.383533
-47.037915,22,958.406737
-48.12483,22,959.286643
-47.9244,22,960.163655
-46.295336,22,961.040452
-45.061683,22,962.059313
-47.062973,22,963.021868
-46.695667,22,963.898184
-45.604248,22,964.774571
-48.547268,22,965.656099
-45.90908,22,966.674155
-48.733846,22,967.549571
-47.116511,22,968.517581
-46.830237,22,969.396468
-47.103206,22,970.273249
-44.696987,22,971.291588
-45.694748,22,972.171645
-45.494379,22,973.048615
-44.908896,22,974.013046
-47.263543,22,975.033328
-47.416017,22,975.910697
-49.159734,22,976.789116
-47.831964,22,977.667542
-49.689206,22,978.636219
-44.56638,22,979.655556
-44.378057,22,980.537092
-45.667501,22,981.413028
-44.120408,22,982.300063
-45.498625,22,983.311515
-51.573923,22,984.277933
-49.845512,22,985.152944
-47.428552,22,986.032723
-47.242592,22,986.913566
-47.318099,22,987.938357
-46.201352,22,988.816011
-44.908428,22,989.784768
-53.220754,22,990.663188
-45.231852,22,991.681657
-44.997863,22,992.561305
-44.990063,22,993.438285
-45.077101,22,994.315103
-44.789977,22,995.282251
-50.293868,22,996.303915
-47.730987,22,997.181782
-46.360161,22,998.056727
-46.522346,22,998.935449
-47.277905,22,999.957496
-45.786982,22,1000.921834
-47.157139,22,1001.801032
-44.841283,22,1002.681867
-46.010171,22,1003.56128
-50.672617,22,1004.57691
-46.94366,22,1005.454717
-45.04409,22,1006.425609
-45.293045,22,1007.311445
-45.099345,22,1008.328521
-48.110944,22,1009.204457
-44.602698,22,1010.081818
-48.024822,22,1011.048505
-45.338138,22,1011.925035
-45.147835,22,1012.937608
-45.965904,22,1013.816911
-45.421268,22,1014.696292
-45.295925,22,1015.579197
-46.038974,22,1016.546096
-47.297285,22,1017.561894
-45.827002,22,1018.439584
-48.583929,22,1019.315107
-44.871253,22,1020.196975
-46.081333,22,1021.223709
-46.805947,22,1022.191723
-46.230508,22,1023.070815
-45.921258,22,1023.948563
-47.241112,22,1024.826998
-45.485097,22,1025.844682
-46.394624,22,1026.724101
-46.296621,22,1027.690666
-44.618953,22,1028.566084
-48.213454,22,1029.58937
-46.25913,22,1030.463819
-45.655841,22,1031.340748
-48.090496,22,1032.217635
-46.555886,22,1033.180403
-45.591307,22,1034.202252
-46.000503,22,1035.079054
-47.56959,22,1035.957223
-45.989285,22,1036.835422
-45.04945,22,1037.940459
-46.368954,22,1038.819038
-48.047274,22,1039.697506
-45.004377,22,1040.576443
-44.328098,22,1041.455803
-44.781099,22,1042.477849
-45.046622,22,1043.441922
-47.175245,22,1044.321242
-47.095759,22,1045.198363
-47.466715,22,1046.218389
-45.221996,22,1047.094546
-46.082726,22,1047.973887
-44.58454,22,1048.937747
-44.827904,22,1049.816689
-44.716432,22,1050.834714
-45.524873,22,1051.71353
-46.651016,22,1052.59361
-45.318834,22,1053.472536
-47.042136,22,1054.581196
-48.405886,22,1055.459663
-47.093475,22,1056.339469
-50.495416,22,1057.214736
-45.898635,22,1058.089709
-46.130611,22,1059.108266
-48.852159,22,1060.075548
-44.662819,22,1060.951029
-47.007239,22,1061.829674
-45.05123,22,1062.707238
-45.49826,22,1063.720343
-46.905353,22,1064.598595
-47.346334,22,1065.56039
-46.204368,22,1066.440311
-45.655708,22,1067.462165
-47.843935,22,1068.338202
-46.017548,22,1069.212178
-45.731254,22,1070.184066
-49.947232,22,1071.059508
-48.234747,22,1072.090816
-44.588511,22,1072.965657
-49.657423,22,1073.841199
-45.035527,22,1074.720454
-45.447065,22,1075.834468
-44.959259,22,1076.714869
-47.90218,22,1077.591669
-46.071939,22,1078.467559
-43.982039,22,1079.344186
-45.736177,22,1080.361632
-45.460957,22,1081.323022
-45.943972,22,1082.200336
-46.863166,22,1083.079037
-44.773991,22,1084.097244
-46.962824,22,1084.979701
-45.092693,22,1085.858271
-43.600944,22,1086.823577
-45.840091,22,1087.701874
-45.004165,22,1088.719959
-46.180574,22,1089.604061
-45.212665,22,1090.484327
-47.031703,22,1091.365883
-46.086662,22,1092.467196
-47.984746,22,1093.348652
-46.635005,22,1094.228123
-45.066017,22,1095.105042
-46.495688,22,1095.981845
-46.077721,22,1097.085042
-45.175051,22,1097.96484
-45.196319,22,1098.84078
-46.004538,22,1099.720803
-48.834131,22,1100.738992
-44.999409,22,1101.616709
-49.366003,22,1102.581351
-48.240905,22,1103.4558
-49.566469,22,1104.332264
-45.833055,22,1105.349893
-46.733837,22,1106.223344
-46.415694,22,1107.098579
-45.299586,22,1108.065264
-46.418393,22,1108.943219
-45.433789,22,1109.957603
-46.642204,22,1110.836622
-48.170111,22,1111.713624
-44.198485,22,1112.596584
-44.650543,22,1113.706182
-46.662492,22,1114.579115
-45.391767,22,1115.456046
-44.505371,22,1116.339312
-46.192875,22,1117.219074
-45.052224,22,1118.235601
-44.459345,22,1119.205307
-45.617192,22,1120.081011
-44.886092,22,1120.963925
-46.73924,22,1121.978559
-44.950555,22,1122.855435
-46.389658,22,1123.734014
-45.964651,22,1124.698113
-45.510691,22,1125.575526
-45.617209,22,1126.59412
-46.566319,22,1127.468964
-46.154845,22,1128.345717
-45.390807,22,1129.313134
-45.230216,22,1130.32466
-45.701687,22,1131.202078
-48.653999,22,1132.081989
-46.000338,22,1132.962774
-47.436795,22,1133.838514
-46.311377,22,1134.93991
-46.846703,22,1135.821445
-46.280819,22,1136.700118
-44.925668,22,1137.581076
-45.971362,22,1138.599987
-45.646706,22,1139.47547
-45.606867,22,1140.439433
-46.17729,22,1141.319054
-45.29427,22,1142.199498
-44.947605,22,1143.211687
-47.233824,22,1144.091219
-47.569879,22,1144.96982
-45.271244,22,1145.933613
-46.145492,22,1146.950689
-46.651098,22,1147.829674
-49.181831,22,1148.709442
-45.678158,22,1149.588886
-47.861179,22,1150.471441
-46.636615,22,1151.576346
-47.040591,22,1152.452514
-45.799431,22,1153.33492
-47.139947,22,1154.215148
-48.725374,22,1155.091585
-44.942385,22,1156.198543
-46.816417,22,1157.081503
-46.053514,22,1157.958518
-45.794438,22,1158.83478
-47.209482,22,1159.856566
-45.791494,22,1160.733038
-46.70814,22,1161.698228
-47.799363,22,1162.575208
-46.258255,22,1163.451127
-48.397664,22,1164.469369
-46.078789,22,1165.346836
-47.705553,22,1166.222722
-45.486444,22,1167.188434
-47.640928,22,1168.207852
-45.727332,22,1169.084329
-45.332108,22,1169.965128
-45.44856,22,1170.843647
-46.380503,22,1171.721736
-45.998517,22,1172.830364
-46.862852,22,1173.712148
-45.161825,22,1174.591997
-46.220227,22,1175.466663
-46.25643,22,1176.479802
-48.148833,22,1177.356731
-44.456477,22,1178.320109
-46.884671,22,1179.197977
-45.293515,22,1180.080612
-45.975766,22,1181.09565
-45.17899,22,1181.972581
-47.040509,22,1182.847065
-45.276693,22,1183.811732
-45.704321,22,1184.831554
-48.963834,22,1185.71112
-46.888763,22,1186.589163
-46.644022,22,1187.467111
-47.125434,22,1188.432354
-46.159544,22,1189.447997
-45.983946,22,1190.324201
-46.557996,22,1191.203561
-45.488916,22,1192.083845
-44.885625,22,1193.10076
-47.218781,22,1194.066531
-46.346706,22,1194.942895
-45.771433,22,1195.81966
-45.095797,22,1196.699201
-44.582637,22,1197.713568
-44.547101,22,1198.592906
-45.893788,22,1199.557884
-46.119705,22,1200.438349
-47.151524,22,1201.318229
-44.748925,22,1202.336843
-48.86234,22,1203.212345
-44.588349,22,1204.091304
-46.308714,22,1205.056618
-46.589481,22,1206.080296
-45.431632,22,1206.958899
-45.809195,22,1207.833649
-47.372377,22,1208.711019
-44.851547,22,1209.589089
-44.653443,22,1210.693615
-46.127364,22,1211.575529
-45.543416,22,1212.453446
-45.345192,22,1213.328255
-44.835826,22,1214.347825
-45.906062,22,1215.311623
-47.063312,22,1216.190757
-44.869555,22,1217.068366
-45.723549,22,1217.943915
-46.414515,22,1218.966407
-46.424506,22,1219.841357
-45.618478,22,1220.810105
-45.982141,22,1221.686367
-47.449224,22,1222.699622
-47.692101,22,1223.574908
-45.993154,22,1224.455151
-45.262709,22,1225.331378
-45.573346,22,1226.298927
-46.164609,22,1227.318126
-45.457287,22,1228.196604
-47.237375,22,1229.070421
-47.341922,22,1229.948817
-44.173793,22,1230.968859
-44.693857,22,1231.937437
-46.217216,22,1232.824398
-45.69523,22,1233.701764
-45.838017,22,1234.581203
-47.621833,22,1235.59747
-43.861094,22,1236.478338
-46.090909,22,1237.442451
-46.296962,22,1238.320381
-47.274543,22,1239.339071
-45.219515,22,1240.216861
-45.130046,22,1241.097503
-44.693024,22,1241.978359
-47.598687,22,1242.9449
-46.706648,22,1243.962436
-46.645021,22,1244.839992
-45.49227,22,1245.719895
-45.824115,22,1246.595904
-44.666287,22,1247.564458
-48.26694,22,1248.583972
-44.468637,22,1249.466997
-45.642416,22,1250.345448
-46.70673,22,1251.220865
-44.848625,22,1252.232554
-45.482668,22,1253.196388
-46.846563,22,1254.072159
-45.730259,22,1254.954804
-47.56869,22,1255.82987
-44.369176,22,1256.852668
-44.246241,22,1257.727717
-47.704674,22,1258.694905
-45.071208,22,1259.5713
-44.930836,22,1260.593117
-46.654072,22,1261.467565
-48.498378,22,1262.347269
-45.200688,22,1263.221921
-45.428587,22,1264.187801
-45.018246,22,1265.203571
-44.967976,22,1266.082189
-45.025894,22,1266.962358
-45.477227,22,1267.840014
-45.146263,22,1268.85383
-46.228997,22,1269.81771
-45.074801,22,1270.697578
-44.677658,22,1271.575426
-46.435949,22,1272.452393
-45.420885,22,1273.466397
-47.534675,22,1274.436831
-46.28389,22,1275.314219
-45.079724,22,1276.191076
-45.910062,22,1277.216309
-45.31947,22,1278.090386
-46.356723,22,1278.965576
-47.319068,22,1279.931471
-47.937799,22,1280.810413
-45.138798,22,1281.828855
-49.764203,22,1282.708442
-47.947952,22,1283.58581
-47.964361,22,1284.465227
-45.717666,22,1285.571779
-47.607141,22,1286.449714
-43.826473,22,1287.327611
-45.120314,22,1288.207902
-46.07601,22,1289.089169
-47.168247,22,1290.104151
-47.112514,22,1291.068291
-44.814696,22,1291.950165
-45.696539,22,1292.825102
-44.85332,22,1293.703081
-44.862592,22,1294.722331
-45.903567,22,1295.600806
-45.520558,22,1296.565892
-45.997874,22,1297.441234
-46.607903,22,1298.460242
-44.554527,22,1299.337454
-49.08962,22,1300.215406
-48.405194,22,1301.09756
-47.981772,22,1302.063299
-48.473514,22,1303.080956
-46.841191,22,1303.957062
-47.002176,22,1304.83329
-46.650616,22,1305.71526
-46.85495,22,1306.823029
-44.86099,22,1307.702318
-45.428996,22,1308.577653
-45.575625,22,1309.461754
-45.210113,22,1310.340937
-45.503457,22,1311.360949
-45.895995,22,1312.322615
-45.637442,22,1313.198997
-46.035597,22,1314.075867
-45.096668,22,1315.092812
-45.568876,22,1315.971153
-46.923353,22,1316.849947
-45.211074,22,1317.814934
-44.874864,22,1318.693744
-48.048572,22,1319.711833
-45.43639,22,1320.589829
-45.616448,22,1321.466659
-46.049985,22,1322.341351
-45.572145,22,1323.445771
-48.267894,22,1324.324583
-45.000916,22,1325.207005
-47.098792,22,1326.081918
-46.919304,22,1326.960065
-53.672029,22,1327.977235
-45.613895,22,1328.941025
-44.916927,22,1329.821891
-47.580937,22,1330.703164
-46.976348,22,1331.720881
-54.429167,22,1332.599835
-44.562041,22,1333.565244
-46.95615,22,1334.444055
-48.421153,22,1335.319732
-47.847606,22,1336.333953
-46.695317,22,1337.213233
-46.245329,22,1338.091478
-47.432714,22,1339.053511
-44.691362,22,1339.937789
-58.060045,22,1340.953585
-45.877595,22,1341.831334
-45.817817,22,1342.710233
-46.82488,22,1343.596554
-48.480128,22,1344.702176
-45.073895,22,1345.577086
-46.771182,22,1346.453368
-59.897726,22,1347.330188
-45.708941,22,1348.211533
-51.146399,22,1349.228039
-49.009502,22,1350.190773
-44.926981,22,1351.066494
-47.571306,22,1351.943735
-47.808727,22,1352.962091
-45.295179,22,1353.839373
-45.163517,22,1354.717293
-47.238102,22,1355.686037
-47.888504,22,1356.565071
-46.192838,22,1357.57973
-44.88222,22,1358.456524
-45.46844,22,1359.334953
-45.450472,22,1360.21227
-45.548464,22,1361.316811
-45.457225,22,1362.195748
-44.898348,22,1363.071658
-51.17311,22,1363.950833
-44.905191,22,1364.829208
-46.51359,22,1365.932669
-44.445539,22,1366.809154
-44.952662,22,1367.688974
-46.041223,22,1368.566756
-45.407038,22,1369.582843
-46.405779,22,1370.460773
-44.778601,22,1371.425011
-46.435559,22,1372.304554
-49.112694,22,1373.180296
-45.758664,22,1374.204087
-46.114895,22,1375.081039
-47.760245,22,1375.959044
-44.849488,22,1376.924235
-46.291117,22,1377.941884
-46.5575,22,1378.816628
-46.755432,22,1379.69508
-47.996072,22,1380.57132
-45.410781,22,1381.449406
-45.759539,22,1382.560082
-46.326162,22,1383.437353
-45.235279,22,1384.314353
-45.798468,22,1385.195209
-45.101685,22,1386.073521
-49.469802,22,1387.091784
-46.068867,22,1388.061109
-48.026011,22,1388.938871
-44.839108,22,1389.811423
-47.56319,22,1390.827854
-47.895697,22,1391.705405
-44.178064,22,1392.66922
-46.331923,22,1393.549992
-45.649583,22,1394.426488
-45.304612,22,1395.448804
-46.123668,22,1396.324548
-45.873533,22,1397.203696
-45.625581,22,1398.170115
-44.502264,22,1399.187278
-46.009915,22,1400.061504
-44.089031,22,1400.940349
-45.800353,22,1401.819006
-44.918502,22,1402.697423
-44.746218,22,1403.80438
-45.206842,22,1404.687417
-46.487265,22,1405.563602
-44.804898,22,1406.441497
-46.622931,22,1407.458957
-47.15998,22,1408.334279
-44.624516,22,1409.301911
-46.837763,22,1410.176744
-48.97605,22,1411.054256
-45.492598,22,1412.078728
-48.820665,22,1412.955662
-44.802406,22,1413.833464
-46.068371,22,1414.802536
-44.435296,22,1415.825868
-44.847965,22,1416.701839
-46.067472,22,1417.579015
-47.727748,22,1418.453447
-46.990634,22,1419.333325
-45.804135,22,1420.437502
-44.154454,22,1421.31778
-48.249597,22,1422.191725
-45.68753,22,1423.072605
-45.424609,22,1424.087986
-45.18858,22,1425.052392
-46.47138,22,1425.931461
-47.692464,22,1426.809938
-47.12087,22,1427.688762
-44.829272,22,1428.705336
-44.162764,22,1429.586426
-46.073072,22,1430.551702
-45.93535,22,1431.433646
-45.661135,22,1432.309164
-45.457871,22,1433.32302
-44.96346,22,1434.199337
-45.546686,22,1435.081372
-44.64851,22,1436.040589
-45.573837,22,1437.060524
-46.605796,22,1437.938853
-45.384779,22,1438.815053
-45.699704,22,1439.694157
-45.46495,22,1440.572285
-47.452929,22,1441.677629
-47.440866,22,1442.557671
-46.656453,22,1443.434663
-45.55197,22,1444.313688
-47.556343,22,1445.336206
-47.61453,22,1446.209856
-45.676891,22,1447.176266
-45.733843,22,1448.053164
-47.420679,22,1448.929196
-46.746345,22,1449.943762
-45.393996,22,1450.821618
-46.948732,22,1451.790054
-45.469495,22,1452.665946
-45.954979,22,1453.685202
-48.467937,22,1454.561895
-46.637561,22,1455.43698
-48.083643,22,1456.315436
-47.396065,22,1457.283598
-47.28537,22,1458.30314
-46.385739,22,1459.186688
-46.946093,22,1460.063138
-46.739536,22,1460.938111
-47.550709,22,1461.962844
-47.105262,22,1462.93119
-48.634108,22,1463.807169
-49.839505,22,1464.686432
-47.620534,22,1465.560359
-45.890237,22,1466.573292
-46.567005,22,1467.451599
-45.820109,22,1468.417002
-48.175664,22,1469.292773
-46.821305,22,1470.305878
-47.110325,22,1471.18656
-44.247254,22,1472.062937
-45.126916,22,1472.941839
-47.994525,22,1473.907639
-44.88224,22,1474.931244
-45.627943,22,1475.811379
-47.761212,22,1476.6903
-45.986367,22,1477.569277
-45.179682,22,1478.448206
-45.994806,22,1479.566015
-46.345177,22,1480.445044
-47.469115,22,1481.319403
-46.699158,22,1482.198632
-44.780641,22,1483.216242
-46.598542,22,1484.183399
-48.22935,22,1485.06293
-46.332772,22,1485.940329
-45.249477,22,1486.821659
-48.001157,22,1487.840918
-44.357392,22,1488.721668
-46.700798,22,1489.690935
-46.010942,22,1490.564453
-45.466039,22,1491.585292
-47.927664,22,1492.461601
-43.924026,22,1493.338845
-47.760007,22,1494.215209
-46.931394,22,1495.180542
-46.875223,22,1496.199383
-46.42594,22,1497.077378
-47.532071,22,1497.955625
-47.8571,22,1498.831783
-48.134958,22,1499.848221
-47.531423,22,1500.815814
-46.208508,22,1501.697832
-47.141235,22,1502.57517
-47.993593,22,1503.452114
-47.196453,22,1504.474987
-45.117161,22,1505.351151
-47.609693,22,1506.315323
-47.248599,22,1507.191542
-48.638331,22,1508.209179
-46.846596,22,1509.086129
-48.07583,22,1509.963489
-48.511125,22,1510.92959
-46.529654,22,1511.805071
-46.873219,22,1512.822163
-46.355162,22,1513.699644
-45.564721,22,1514.57508
-45.861424,22,1515.452304
-46.34285,22,1516.561571
-47.142192,22,1517.441055
-45.482806,22,1518.319025
-47.017653,22,1519.200787
-45.661588,22,1520.080022
-46.703294,22,1521.100178
-44.923041,22,1522.067366
-45.840012,22,1522.946147
-45.157027,22,1523.824326
-45.937873,22,1524.702255
-46.982224,22,1525.72616
-45.64979,22,1526.604601
-48.347865,22,1527.573001
-46.636867,22,1528.452356
-47.134182,22,1529.470527
-46.696572,22,1530.343928
-48.201316,22,1531.22142
-46.979729,22,1532.10384
-48.178208,22,1533.068602
-45.653543,22,1534.082358
-46.395781,22,1534.964291
-47.225861,22,1535.84115
-45.392066,22,1536.716562
-46.264438,22,1537.732054
-46.938055,22,1538.696903
-48.764911,22,1539.57261
-47.772606,22,1540.449555
-48.812312,22,1541.328866
-50.708608,22,1542.342169
-48.789461,22,1543.307382
-47.680565,22,1544.185804
-48.345403,22,1545.061141
-49.756752,22,1546.077038
-49.374233,22,1546.958089
-47.784001,22,1547.837598
-45.872956,22,1548.807396
-48.367402,22,1549.684906
-47.239035,22,1550.698466
-49.300915,22,1551.576879
-46.517044,22,1552.452817
-45.968689,22,1553.334584
-46.618607,22,1554.439648
-47.123954,22,1555.314118
-46.675719,22,1556.192797
-49.612143,22,1557.072527
-48.812371,22,1557.948739
-48.62447,22,1558.971958
-46.986367,22,1559.938922
-47.47673,22,1560.816376
-47.307816,22,1561.695025
-47.968054,22,1562.709786
-47.75862,22,1563.588152
-51.014549,22,1564.46437
-46.052311,22,1565.429597
-46.510718,22,1566.309586
-46.240663,22,1567.325628
-48.241674,22,1568.201591
-49.00702,22,1569.079923
-45.738174,22,1570.050804
-45.763548,22,1570.928748
-47.804276,22,1571.949285
-46.940119,22,1572.827432
-47.56835,22,1573.705836
-46.237305,22,1574.584119
-46.693358,22,1575.687714
-48.300582,22,1576.564312
-48.451476,22,1577.439737
-45.475757,22,1578.317316
-44.740077,22,1579.195746
-50.021486,22,1580.22469
-47.530285,22,1581.189198
-45.675427,22,1582.066025
-44.674492,22,1582.945402
-45.706613,22,1583.96381
-45.507677,22,1584.841351
-47.590748,22,1585.720274
-49.393483,22,1586.684024
-47.5396,22,1587.561434
-46.214787,22,1588.577014
-45.851987,22,1589.457765
-45.693081,22,1590.336695
-45.555296,22,1591.214136
-45.4539,22,1592.317293
-45.517329,22,1593.196481
-45.895517,22,1594.070926
-46.668757,22,1594.94814
-46.376976,22,1595.824753
-45.444012,22,1596.846427
-45.93995,22,1597.811971
-44.121488,22,1598.687544
-45.582363,22,1599.563479
-47.104186,22,1600.584868
-45.842476,22,1601.459986
-48.780155,22,1602.4281
-45.877934,22,1603.309971
-49.049608,22,1604.187885
-47.548719,22,1605.210688
-45.65129,22,1606.085264
-45.154256,22,1606.961708
-48.171902,22,1607.926057
-45.166484,22,1608.944121
-45.253051,22,1609.822031
-48.17812,22,1610.700548
-46.365891,22,1611.578981
-46.873223,22,1612.461454
-47.400986,22,1613.568813
-44.928336,22,1614.446659
-47.470765,22,1615.330399
-48.431736,22,1616.20723
-46.050003,22,1617.085316
-45.918603,22,1618.10945
-48.229589,22,1619.079027
-46.062405,22,1619.959564
-49.067123,22,1620.837805
-45.613154,22,1621.858682
-46.419927,22,1622.737628
-45.1613,22,1623.613956
-46.690236,22,1624.58286
-47.242331,22,1625.458819
-46.893051,22,1626.472831
-46.442937,22,1627.356269
-48.632704,22,1628.234887
-47.252773,22,1629.207169
-46.487808,22,1630.221839
-49.440376,22,1631.100575
-46.279843,22,1631.984466
-48.036081,22,1632.864026
-48.389168,22,1633.74048
-48.499958,22,1634.844254
-46.839672,22,1635.723462
-44.936157,22,1636.601702
-47.260924,22,1637.478391
-46.317909,22,1638.499025
-46.727206,22,1639.374358
-46.782625,22,1640.340271
-45.329139,22,1641.215716
-46.271604,22,1642.094787
-48.632662,22,1643.110483
-46.045556,22,1643.988385
-45.949405,22,1644.870478
-46.92696,22,1645.834731
-48.261703,22,1646.8545
-48.026085,22,1647.731935
-46.819828,22,1648.60711
-46.775667,22,1649.484824
-44.832631,22,1650.360783
-47.471092,22,1651.465716
-46.060218,22,1652.343155
-47.256659,22,1653.221934
-48.705883,22,1654.09859
-45.672626,22,1655.119295
-47.174536,22,1655.997112
-45.674567,22,1656.966238
-45.482624,22,1657.844347
-47.260009,22,1658.720715
-48.383718,22,1659.73725
-44.787024,22,1660.614097
-47.397353,22,1661.579227
-49.086122,22,1662.455091
-44.639277,22,1663.332234
-47.133041,22,1664.349004
-46.016262,22,1665.225147
-47.157167,22,1666.101084
-45.078542,22,1667.065449
-45.441139,22,1668.078417
-45.60703,22,1668.956266
-44.356545,22,1669.830799
-44.362599,22,1670.707232
-46.616768,22,1671.584606
-45.834444,22,1672.693796
-47.029834,22,1673.570109
-49.382522,22,1674.44693
-45.791623,22,1675.326334
-45.819607,22,1676.349417
-43.980705,22,1677.225733
-46.170847,22,1678.194731
-47.611097,22,1679.073243
-47.940373,22,1679.952201
-46.092811,22,1680.982579
-46.128036,22,1681.86074
-44.122923,22,1682.738163
-45.692182,22,1683.701376
-45.735488,22,1684.728388
-45.60867,22,1685.604222
-45.379048,22,1686.480129
-45.166401,22,1687.358696
-45.523807,22,1688.330191
-44.593497,22,1689.349789
-44.541639,22,1690.226773
-44.450916,22,1691.109351
-48.42925,22,1691.990729
-45.693155,22,1693.005909
-45.32809,22,1693.971525
-47.565765,22,1694.849264
-46.016235,22,1695.727897
-44.512114,22,1696.60705
-45.204927,22,1697.624644
-46.462335,22,1698.499103
-46.188565,22,1699.465948
-47.165235,22,1700.344238
-46.203551,22,1701.355708
-48.368917,22,1702.235062
-46.308286,22,1703.112808
-46.453607,22,1703.987227
-48.199999,22,1704.957119
-46.485841,22,1705.979261
-46.389911,22,1706.861217
-45.848298,22,1707.740922
-46.862398,22,1708.618935
-46.155097,22,1709.497257
-46.055559,22,1710.60856
-46.586974,22,1711.485892
-46.397117,22,1712.364758
-45.78758,22,1713.243052
-46.231339,22,1714.262516
-46.508066,22,1715.140391
-47.061674,22,1716.10945
-47.266872,22,1716.986783
-46.759448,22,1717.863121
-46.097486,22,1718.878415
-46.661352,22,1719.756308
-45.035019,22,1720.717954
-46.88232,22,1721.596433
-46.110237,22,1722.613609
-46.68109,22,1723.490454
-47.519582,22,1724.367414
-46.409941,22,1725.243947
-45.119749,22,1726.213328
-44.522621,22,1727.230613
-46.656322,22,1728.107099
-45.308897,22,1728.984579
-44.926552,22,1729.860233
-47.169893,22,1730.882921
-46.534251,22,1731.850063
-45.509365,22,1732.726538
-45.230992,22,1733.607296
-44.582228,22,1734.484626
-46.945999,22,1735.506824
-46.128455,22,1736.381295
-45.583562,22,1737.344663
-46.479283,22,1738.224281
-45.060773,22,1739.240137
-47.497857,22,1740.119757
-45.604726,22,1740.997123
-45.018088,22,1741.877347
-44.881555,22,1742.840185
-46.380841,22,1743.862625
-45.873693,22,1744.737494
-44.76728,22,1745.620007
-46.547417,22,1746.498418
-47.109454,22,1747.602898
-45.041422,22,1748.480742
-45.833327,22,1749.364057
-45.617877,22,1750.24103
-46.254586,22,1751.121431
-46.279601,22,1752.135513
-45.473083,22,1753.095654
-44.119035,22,1753.974077
-45.908033,22,1754.849519
-46.187356,22,1755.727901
-45.894936,22,1756.750526
-44.886939,22,1757.626954
-45.583305,22,1758.592238
-45.250423,22,1759.469212
-44.553653,22,1760.487905
-46.774133,22,1761.363862
-45.292465,22,1762.243381
-46.549527,22,1763.121239
-46.306708,22,1764.08391
-44.812568,22,1765.106062
-44.936298,22,1765.98067
-45.578162,22,1766.864376
-46.756577,22,1767.741596
-43.728418,22,1768.761741
-47.212584,22,1769.73336
-46.31436,22,1770.607817
-46.362538,22,1771.485244
-45.266503,22,1772.36311
-46.710995,22,1773.386506
-46.3699,22,1774.262192
-45.599079,22,1775.228264
-46.735432,22,1776.103771
-47.357486,22,1777.121543
-47.027258,22,1777.999616
-44.669322,22,1778.880032
-44.308252,22,1779.844898
-44.389526,22,1780.723738
-46.406675,22,1781.740712
-45.02574,22,1782.618874
-45.641421,22,1783.494169
-46.677621,22,1784.371549
-45.329388,22,1785.475547
-45.596802,22,1786.35418
-45.255311,22,1787.233319
-44.616993,22,1788.109489
-45.15987,22,1788.98601
-46.407313,22,1790.00741
-46.320716,22,1790.974628
-46.63579,22,1791.851013
-44.510319,22,1792.726948
-45.209155,22,1793.741996
-45.337747,22,1794.61998
-44.891781,22,1795.496926
-46.231642,22,1796.465612
-44.989275,22,1797.343137
-46.589952,22,1798.36484
-45.867723,22,1799.244709
-45.289996,22,1800.12407
-45.120234,22,1800.999823
-45.421295,22,1801.965065
-45.871738,22,1802.980605
-44.195127,22,1803.856998
-47.19931,22,1804.733903
-44.963819,22,1805.613003
-45.392928,22,1806.717957
-46.294589,22,1807.594448
-44.341354,22,1808.473667
-45.824431,22,1809.352013
-46.203193,22,1810.230188
-47.06792,22,1811.249617
-46.474112,22,1812.219633
-47.212564,22,1813.096273
-46.895014,22,1813.972078
-44.735301,22,1814.989334
-44.86566,22,1815.86823
-45.731835,22,1816.745731
-46.741739,22,1817.709431
-45.611956,22,1818.586554
-45.602893,22,1819.603819
-46.094975,22,1820.482835
-45.638641,22,1821.360919
-46.701274,22,1822.239844
-44.938763,22,1823.345638
-45.340684,22,1824.224343
-45.873875,22,1825.105746
-46.231167,22,1825.985192
-45.583503,22,1826.861112
-47.306786,22,1827.877153
-45.553271,22,1828.845696
-45.437948,22,1829.726904
-45.28214,22,1830.603611
-44.532387,22,1831.623812
-45.652277,22,1832.500788
-45.467931,22,1833.380867
-49.352647,22,1834.348318
-45.057031,22,1835.223187
-47.505382,22,1836.243031
-44.76183,22,1837.120344
-45.106813,22,1837.998463
-44.444438,22,1838.965536
-43.875517,22,1839.981227
-46.703736,22,1840.857637
-44.337646,22,1841.73872
-47.150012,22,1842.619123
-45.627245,22,1843.496579
-44.151775,22,1844.606447
-44.621249,22,1845.48208
-45.669124,22,1846.362006
-45.47832,22,1847.24074
-46.724462,22,1848.120236
-45.289729,22,1849.134011
-45.760143,22,1850.099986
-45.4709,22,1850.979892
-45.057,22,1851.860515
-44.680387,22,1852.883579
-45.085439,22,1853.760496
-45.167142,22,1854.635912
-44.904955,22,1855.603938
-45.132309,22,1856.480695
-44.330614,22,1857.497691
-46.913347,22,1858.374153
-44.892014,22,1859.250582
-46.191518,22,1860.127993
-46.549322,22,1861.233212
-44.27428,22,1862.11222
-43.965257,22,1862.990713
-47.55189,22,1863.868146
-44.33294,22,1864.746387
-46.417711,22,1865.854683
-44.525796,22,1866.733325
-44.904594,22,1867.612298
-44.893908,22,1868.490016
-44.309752,22,1869.504596
-46.803245,22,1870.38199
-44.8222,22,1871.350167
-44.393255,22,1872.22851
-45.85314,22,1873.107021
-46.641032,22,1874.124312
-44.7311,22,1875.00395
-45.440277,22,1875.883604
-43.99082,22,1876.855725
-46.829371,22,1877.871139
-45.642104,22,1878.74772
-44.721854,22,1879.625777
-44.167736,22,1880.500931
-44.728621,22,1881.379251
-43.982185,22,1882.486458
-44.51877,22,1883.363767
-44.812138,22,1884.242966
-44.773836,22,1885.119917
-46.104336,22,1886.133235
-44.927098,22,1887.011323
-47.163048,22,1887.981621
-46.440391,22,1888.859072
-44.414736,22,1889.738051
-46.842505,22,1890.748393
-46.049644,22,1891.625859
-44.955462,22,1892.507127
-43.728335,22,1893.475451
-45.85754,22,1894.351415
-49.169123,22,1895.373187
-46.333589,22,1896.250687
-45.870507,22,1897.130023
-45.163999,22,1898.093292
-45.367166,22,1899.105635
-44.036401,22,1899.98379
-48.118303,22,1900.863803
-45.32762,22,1901.741287
-46.210368,22,1902.620378
-44.299152,22,1903.722045
-43.872631,22,1904.600412
-46.136981,22,1905.476034
-46.418133,22,1906.354808
-44.510944,22,1907.377626
-44.386147,22,1908.253876
-44.84612,22,1909.219398
-45.1339,22,1910.098244
-45.912098,22,1910.975705
-43.958844,22,1911.993678
-44.562712,22,1912.876134
-44.190502,22,1913.751986
-45.914143,22,1914.717357
-45.705306,22,1915.734889
-46.595607,22,1916.616127
-45.707721,22,1917.492688
-45.781864,22,1918.375164
-48.061251,22,1919.251045
-44.777939,22,1920.360849
-46.294536,22,1921.238246
-44.744009,22,1922.118302
-43.730194,22,1922.996922
-45.87836,22,1924.009918
-44.64729,22,1924.973091
-44.276978,22,1925.849552
-48.798629,22,1926.72798
-44.569613,22,1927.601921
-47.34525,22,1928.615949
-45.298508,22,1929.49352
-44.819167,22,1930.45556
-45.067002,22,1931.333256
-46.010743,22,1932.351979
-43.730858,22,1933.23082
-44.407403,22,1934.106081
-44.61408,22,1934.986065
-45.159657,22,1935.950573
-43.935155,22,1936.970622
-45.386084,22,1937.848074
-46.605626,22,1938.727405
-45.129413,22,1939.606454
-46.836079,22,1940.483804
-45.704969,22,1941.589418
-44.543813,22,1942.468818
-44.987616,22,1943.344055
-46.45785,22,1944.221329
-52.072504,22,1945.237635
-44.809004,22,1946.115827
-44.304417,22,1947.079722
-44.803822,22,1947.959848
-45.389384,22,1948.838646
-45.164386,22,1949.861102
-45.287359,22,1950.740997
-46.004092,22,1951.623106
-45.812924,22,1952.591302
-43.960613,22,1953.61196
-44.925993,22,1954.490992
-45.257503,22,1955.369803
-46.743997,22,1956.251205
-46.356582,22,1957.213062
-45.169775,22,1958.23061
-45.58102,22,1959.109496
-45.824756,22,1959.985406
-44.089131,22,1960.864733
-44.965761,22,1961.882146
-45.301303,22,1962.850361
-44.343972,22,1963.727216
-44.95104,22,1964.60661
-44.258946,22,1965.482349
-45.072922,22,1966.500646
-45.887927,22,1967.377603
-45.650262,22,1968.345322
-46.735055,22,1969.219023
-46.047766,22,1970.241528
-44.396047,22,1971.116683
-45.677496,22,1971.994664
-46.967916,22,1972.873475
-45.437773,22,1973.84102
-44.932652,22,1974.855496
-44.635324,22,1975.733847
-44.892542,22,1976.612751
-43.887815,22,1977.49011
-44.420736,22,1978.506567
-45.855284,22,1979.472039
-48.603465,22,1980.347708
-46.007178,22,1981.225134
-45.582907,22,1982.10088
-45.666039,22,1983.115681
-44.48226,22,1984.079207
-46.196344,22,1984.956651
-44.402357,22,1985.835591
-46.103693,22,1986.715785
-44.776793,22,1987.736933
-45.622207,22,1988.617291
-46.492879,22,1989.582018
-44.299769,22,1990.460463
-45.784424,22,1991.475949
-46.929228,22,1992.351914
-45.184691,22,1993.2352
-46.323567,22,1994.11162
-45.45923,22,1995.089605
-44.856683,22,1996.114446
-45.145638,22,1996.990572
-45.333587,22,1997.870857
-46.866902,22,1998.748145
-46.433035,22,1999.76691
-45.197557,22,2000.730939
-44.40917,22,2001.608484
-46.275427,22,2002.482303
-45.753551,22,2003.361182
-45.813604,22,2004.378867
-45.284937,22,2005.258541
-45.106355,22,2006.22901
-46.301283,22,2007.105443
-44.415805,22,2008.130356
-45.626757,22,2009.009923
-46.596894,22,2009.888232
-46.340325,22,2010.763688
-45.016612,22,2011.730321
-46.755219,22,2012.744827
-45.814477,22,2013.621053
-44.425273,22,2014.498311
-46.961638,22,2015.377745
-45.136098,22,2016.485218
-45.115135,22,2017.363629
-44.110483,22,2018.241486
-45.160694,22,2019.117879
-46.704062,22,2019.996461
-47.208185,22,2021.014984
-45.195752,22,2021.97953
-44.071955,22,2022.85704
-44.617621,22,2023.734303
-46.063859,22,2024.750608
-45.614978,22,2025.628352
-46.812817,22,2026.504285
-44.673521,22,2027.466985
-44.968214,22,2028.346637
-45.927052,22,2029.368841
-45.376242,22,2030.245898
-45.114446,22,2031.122413
-46.197384,22,2032.000175
-45.52132,22,2032.965905
-47.626479,22,2033.990772
-46.431183,22,2034.867617
-45.599124,22,2035.746468
-46.315835,22,2036.623756
-45.106927,22,2037.642957
-45.589479,22,2038.611531
-45.831049,22,2039.488383
-46.211546,22,2040.36876
-44.831832,22,2041.246665
-48.221107,22,2042.264409
-46.854046,22,2043.233199
-44.438957,22,2044.110066
-46.779824,22,2044.989377
-43.526132,22,2046.023266
-45.629093,22,2046.903705
-46.562334,22,2047.780828
-46.481334,22,2048.745042
-45.766309,22,2049.621366
-44.011716,22,2050.642708
-44.896796,22,2051.519628
-44.899923,22,2052.397808
-46.299965,22,2053.272705
-45.600506,22,2054.374358
-46.507449,22,2055.254292
-44.91493,22,2056.131447
-44.753801,22,2057.008878
-46.277308,22,2057.88349
-47.534302,22,2058.901321
-47.826663,22,2059.871597
-48.637103,22,2060.748501
-47.560524,22,2061.625778
-46.225863,22,2062.644914
-45.917293,22,2063.523335
-45.717601,22,2064.398173
-45.738289,22,2065.360952
-46.405271,22,2066.237807
-45.896397,22,2067.25735
-46.391174,22,2068.136624
-46.805145,22,2069.014484
-46.759602,22,2069.891323
-47.067915,22,2070.998851
-46.19489,22,2071.876762
-45.301067,22,2072.756444
-45.941382,22,2073.632178
-48.082029,22,2074.508047
-44.043116,22,2075.61323
-44.612611,22,2076.488714
-48.613991,22,2077.367131
-46.418442,22,2078.247362
-45.537641,22,2079.12381
-46.685196,22,2080.14433
-47.558747,22,2081.104951
-47.514325,22,2081.982782
-46.385466,22,2082.860832
-45.18879,22,2083.873192
-45.580597,22,2084.750604
-46.838395,22,2085.62904
-47.621822,22,2086.593015
-47.039362,22,2087.471135
-47.075119,22,2088.490539
-48.567712,22,2089.366613
-45.062147,22,2090.242019
-46.277103,22,2091.118802
-49.806359,22,2092.22208
-49.194696,22,2093.097124
-48.184464,22,2093.973986
-48.400027,22,2094.852412
-48.413255,22,2095.729688
-46.494354,22,2096.744516
-49.709646,22,2097.713986
-50.267481,22,2098.59162
-47.747931,22,2099.474463
-46.732421,22,2100.492877
-47.731379,22,2101.370874
