#{"t_start": 1726666134.1977136, "env_id": "None"}
r,l,t
-19.24731,5,0.222208
-10.820096,1,0.262908
-2.580666,19,1.034103
-9.469051,1,1.074279
-10.878943,1,1.114951
-11.713467,2,1.195304
-11.420708,1,1.23558
-7.318841,1,1.276275
0.992874,9,1.638169
-6.842357,2,1.719037
-10.820096,1,1.759689
-5.602933,1,1.800388
-18.962898,5,2.001342
-16.992262,11,2.444319
-16.438088,3,2.564848
-23.778451,4,2.727071
-16.181642,3,2.848087
-9.304611,1,2.888263
-11.420708,1,2.929408
-18.130814,4,3.089615
-10.820096,1,3.129791
-31.27248,19,3.894835
-13.055727,5,4.169111
-14.667932,2,4.249335
-30.672271,13,4.771855
-34.120238,10,5.174994
-10.725652,2,5.255319
-5.602933,1,5.390712
-18.058306,5,5.593261
-11.506852,2,5.67496
-10.820096,1,5.715136
-15.721959,3,5.835583
-11.420708,1,5.87576
-9.304611,1,5.915939
-11.420708,1,5.956111
-19.371466,26,7.006361
-7.976198,2,7.087165
-18.142144,10,7.490366
-11.420708,1,7.530046
-17.563987,3,7.65107
7.313719,8,7.97347
-13.199742,2,8.05435
-14.821545,6,8.352947
-13.187276,6,8.594084
-9.841432,3,8.71508
-13.699237,2,8.795958
-30.424845,12,9.279873
-4.289261,22,10.166625
-11.713467,2,10.24825
-8.584832,2,10.328632
-13.802319,2,10.40948
-12.043462,2,10.489834
-5.602933,1,10.530503
3.627225,8,10.9461
-10.820096,1,10.986277
-7.318841,1,11.026921
-13.59419,4,11.189189
-9.824256,3,11.30969
-9.304611,1,11.349865
-9.841432,3,11.471954
-13.699237,2,11.552802
-10.820096,1,11.593474
-13.905384,3,11.714498
-5.602933,1,11.754673
-7.318841,1,11.794849
-9.304611,1,11.835026
-11.649612,5,12.034913
-22.139306,5,12.23786
-11.713467,2,12.318213
-10.878943,1,12.358884
-40.273895,25,13.421944
-20.201431,6,13.665926
-11.506852,2,13.746269
-13.25636,2,13.826605
-14.582088,2,13.907482
-10.140759,3,14.028048
-10.820096,1,14.068216
-11.713467,2,14.14854
-5.602933,1,14.189236
-23.066359,9,14.553276
-9.304611,1,14.593451
-10.619464,4,14.754179
-18.141816,16,15.402069
-17.371747,3,15.52187
-8.511421,13,16.140174
-12.370824,3,16.261724
-9.469051,1,16.301898
-26.108437,10,16.753149
-23.009394,9,17.114841
-8.584832,2,17.195689
-9.304611,1,17.236361
-24.461639,10,17.638911
10.106706,10,18.041742
-25.566742,19,18.812026
-35.311436,10,19.221787
-9.469051,1,19.261957
-16.1355,3,19.384995
-11.420708,1,19.426111
-14.430227,3,19.54763
7.821416,17,20.234015
-31.065595,23,21.216681
-9.304611,1,21.257313
-8.584832,2,21.432583
-10.878943,1,21.473158
-19.503395,12,21.959176
-10.878943,1,22.000323
0.278957,23,22.927968
-12.861665,13,23.452323
-2.866932,12,23.935466
-10.878943,1,23.975668
-22.178897,3,24.096733
-26.575646,18,24.820257
-13.699237,2,24.901098
-15.637971,3,25.072392
-10.878943,1,25.113065
-17.77847,6,25.3571
-18.677666,5,25.558444
-11.713467,2,25.639789
-9.304611,1,25.679994
-15.924532,3,25.801515
-12.556998,13,26.325755
4.380943,11,26.867089
-14.439166,3,26.988085
-22.645522,7,27.26984
-5.411374,24,28.237494
-7.658549,3,28.358494
-5.602933,1,28.398669
-10.878943,1,28.438845
-17.154168,5,28.639724
-12.043462,2,28.720572
-0.088442,13,29.305469
-16.177575,23,30.231445
-13.25636,2,30.312259
-14.582088,2,30.393632
7.614475,7,30.675354
-11.713467,2,30.756701
-9.304611,1,30.797344
-13.59419,4,30.958591
-9.469051,1,30.999291
-10.878943,1,31.039467
-10.937112,3,31.160271
-44.313498,27,32.338825
-5.735258,13,32.865549
-24.284313,19,33.68462
-20.248452,5,33.886949
-7.976198,2,33.967659
-7.381749,9,34.330622
-13.25636,2,34.411961
-11.071127,13,34.936667
-5.602933,1,34.977338
-10.725652,2,35.05769
-9.304611,1,35.097866
-7.318841,1,35.138043
-9.469051,1,35.178739
-10.820096,1,35.218891
-13.25636,2,35.299242
1.314038,11,35.742665
-9.469051,1,35.782841
-10.140759,3,35.904772
-26.167343,7,36.187598
-11.713467,2,36.26798
-5.636834,11,36.712389
-10.878943,1,36.753333
-11.713467,2,36.833656
-16.679768,4,36.994881
-18.125345,9,37.451919
-10.878943,1,37.546362
5.776122,6,37.788098
-9.304611,1,37.828274
-3.262164,12,38.312842
-19.897126,6,38.555727
1.299584,12,39.03926
-12.069732,2,39.120111
-11.506852,2,39.201419
-5.602933,1,39.241626
0.709278,8,39.564522
-9.469051,1,39.604696
-13.138773,7,39.887386
-6.842357,2,39.967242
-27.700426,8,40.291032
-11.713467,2,40.371384
-0.447729,11,40.815627
-2.283275,12,41.299858
-33.054194,27,42.444775
-9.469051,1,42.484946
-6.842357,2,42.565844
4.522793,10,43.061113
2.253411,7,43.344197
4.304059,6,43.586276
7.032722,5,43.787624
-13.199742,2,43.869464
-3.79564,9,44.232563
-2.236345,16,44.878327
-1.368075,7,45.162262
-12.02164,6,45.405998
3.583497,10,45.862996
-5.602933,1,45.903552
-2.258037,11,46.348378
2.442483,12,46.832065
-4.294743,14,47.396565
-5.602933,1,47.437239
15.938587,16,48.176852
4.570401,6,48.418853
4.366207,7,48.700084
7.032722,5,48.901956
0.469013,10,49.307678
-10.820096,1,49.348384
4.25147,7,49.630608
-11.380183,4,49.791745
2.846836,8,50.168245
-9.304611,1,50.208484
5.183575,5,50.409362
5.019664,7,50.690954
5.242754,5,50.892357
-10.878943,1,50.933001
-10.511298,5,51.133881
6.134121,7,51.416016
-17.062684,4,51.578686
-10.820096,1,51.619349
-16.042845,14,52.18231
6.747818,6,52.424872
-6.842357,2,52.505742
-11.420708,1,52.547244
6.424206,11,52.990166
-6.111942,5,53.19303
1.027794,7,53.569192
8.570319,7,53.851991
-8.191899,4,54.013187
5.242754,5,54.265548
5.979809,6,54.50965
-0.041128,10,54.915089
0.190625,10,55.318536
-11.420708,1,55.358714
-12.043462,2,55.43857
-11.420708,1,55.47924
-12.069732,2,55.561053
5.227288,7,55.841322
5.913685,7,56.125481
1.122659,13,56.650821
7.032722,5,56.853335
2.943528,8,57.175735
5.507239,8,57.498454
5.242754,5,57.69884
7.032722,5,57.902714
5.183575,5,58.103989
-7.588475,3,58.275605
-1.368075,7,58.561315
6.550684,6,58.900688
3.960209,6,59.141921
-2.852182,7,59.424172
0.092318,6,59.66768
6.340613,5,59.869883
-5.602933,1,59.910059
7.178592,5,60.112033
-9.304611,1,60.152208
5.776409,6,60.394257
-7.649916,4,60.555391
4.879378,6,60.797641
-1.151151,9,61.159734
-7.658549,3,61.280735
-13.25636,2,61.36112
1.21166,10,61.767437
-14.439166,3,61.888461
2.260855,6,62.130574
-9.907873,4,62.291246
8.587101,7,62.624576
0.896894,11,63.068421
4.879378,6,63.310485
5.242754,5,63.511363
6.704761,6,63.75399
-3.364115,7,64.129614
5.242754,5,64.332295
3.254218,6,64.574714
3.053233,5,64.775566
5.912243,6,65.017613
6.340613,5,65.220009
-9.304611,1,65.260158
5.242754,5,65.462967
2.816021,10,65.86733
2.854672,7,66.149175
5.183575,5,66.350055
5.183575,5,66.552422
5.242754,5,66.807809
5.242754,5,67.010207
0.953256,7,67.292784
4.485794,6,67.534832
3.490116,6,67.777894
5.242754,5,67.980322
7.178592,5,68.181168
5.242754,5,68.382517
4.273027,7,68.664685
5.242754,5,68.86603
3.053233,5,69.068851
6.758147,7,69.44699
3.053233,5,69.64787
5.979809,6,69.889872
-1.341393,6,70.132439
7.178592,5,70.33413
5.242754,5,70.536025
5.242754,5,70.737033
5.183575,5,70.992474
5.242742,7,71.275369
5.183575,5,71.477767
7.032722,5,71.679611
5.242754,5,71.882523
7.032722,5,72.083898
10.253529,8,72.406465
3.053233,5,72.60935
7.032722,5,72.810582
6.340613,5,73.012923
5.183575,5,73.213843
-9.304611,1,73.254483
4.485794,6,73.496202
7.178592,5,73.697115
6.078601,6,73.939162
5.183575,5,74.141031
6.340613,5,74.343869
7.178592,5,74.638054
5.183575,5,74.841043
6.340613,5,75.096205
-0.16652,7,75.378569
5.183575,5,75.580893
-7.976198,2,75.662266
6.340613,5,75.865672
7.032722,5,76.067544
3.053233,5,76.26892
6.340613,5,76.470224
6.800532,7,76.751922
7.032722,5,76.953326
5.242754,5,77.154206
9.039195,7,77.435905
3.960209,6,77.678986
6.340613,5,77.881779
3.053233,5,78.082139
5.183575,5,78.284382
6.340613,5,78.486749
-1.368075,7,78.768506
3.053233,5,78.970352
7.032722,5,79.22829
3.053233,5,79.431265
3.053233,5,79.634633
6.340613,5,79.835984
5.183575,5,80.133727
5.183575,5,80.334607
5.183575,5,80.535458
7.178592,5,80.736862
7.032722,5,80.93821
7.178592,5,81.140041
5.242754,5,81.340921
7.178592,5,81.542256
6.340613,5,81.744024
6.340613,5,81.945399
7.032722,5,82.146988
7.032722,5,82.348364
5.183575,5,82.549741
7.178592,5,82.751625
7.032722,5,82.952987
7.178592,5,83.155574
6.340613,5,83.412387
5.242754,5,83.614623
6.340613,5,83.815479
5.226974,7,84.098199
5.242754,5,84.29948
6.340613,5,84.500387
5.226974,7,84.783705
5.242754,5,84.985038
5.776409,6,85.320878
3.400506,8,85.64403
7.032722,5,85.846876
5.226974,7,86.129601
3.053233,5,86.330979
3.053233,5,86.532354
5.242754,5,86.734226
7.032722,5,86.935601
7.178592,5,87.137669
7.032722,5,87.33857
7.032722,5,87.594505
2.260855,6,87.836949
6.340613,5,88.038834
5.242754,5,88.240705
3.053233,5,88.442052
5.242754,5,88.644917
5.242754,5,88.847444
5.242754,5,89.048846
7.178592,5,89.250096
7.178592,5,89.451496
5.242754,5,89.653372
7.178592,5,89.854251
6.340613,5,90.056721
5.183575,5,90.259065
3.053233,5,90.460657
3.053233,5,90.759506
4.879378,6,91.00108
5.242754,5,91.201987
5.242754,5,91.403749
7.178592,5,91.667278
7.032722,5,91.87158
5.183575,5,92.072961
4.879378,6,92.317024
5.242754,5,92.519889
7.178592,5,92.720773
5.242754,5,92.92264
3.053233,5,93.125475
6.340613,5,93.326355
5.242754,5,93.529738
6.340613,5,93.731121
5.183575,5,93.932487
7.178592,5,94.134369
5.242754,5,94.335237
0.092318,6,94.577786
0.080685,7,94.859983
7.178592,5,95.062956
3.053233,5,95.263866
7.178592,5,95.465737
6.340613,5,95.667581
7.178592,5,96.018093
5.242754,5,96.219543
6.286771,8,96.543403
6.704761,6,96.784954
5.183575,5,96.98633
7.178592,5,97.18826
5.242754,5,97.390131
3.053233,5,97.591975
7.178592,5,97.793867
3.053233,5,97.995739
-7.658549,3,98.117259
5.183575,5,98.318167
-7.318841,1,98.358839
7.032722,5,98.55969
3.960209,6,98.80273
3.053233,5,99.00361
3.053233,5,99.205978
3.053233,5,99.408345
7.032722,5,99.609225
7.032722,5,99.811658
7.178592,5,100.068692
6.340613,5,100.269457
5.183575,5,100.470338
7.178592,5,100.672734
3.053233,5,100.875016
7.032722,5,101.07689
6.340613,5,101.371336
6.340613,5,101.574344
7.178592,5,101.776677
7.032722,5,101.978052
4.11303,6,102.220517
5.242754,5,102.422422
5.242754,5,102.624294
4.141078,6,102.866419
7.032722,5,103.068322
5.183575,5,103.269201
5.183575,5,103.471654
5.183575,5,103.674156
3.053233,5,103.87603
6.340613,5,104.129174
7.032722,5,104.33185
-0.238553,7,104.615783
5.183575,5,104.816633
7.178592,5,105.018505
7.178592,5,105.22208
5.776409,6,105.463642
6.340613,5,105.664382
5.183575,5,105.867815
5.242754,5,106.068666
7.178592,5,106.270458
6.340613,5,106.473298
5.242754,5,106.768491
7.032722,5,106.969839
7.178592,5,107.172235
1.056846,6,107.414766
5.242754,5,107.616688
3.053233,5,107.81856
-8.191899,4,107.98013
5.208436,6,108.222208
3.053233,5,108.474671
5.183575,5,108.678641
5.183575,5,108.881505
2.260855,6,109.122051
6.340613,5,109.325324
7.032722,5,109.527196
5.183575,5,109.729068
5.183575,5,109.931463
7.032722,5,110.134689
5.183575,5,110.33805
7.032722,5,110.540107
7.032722,5,110.741751
7.178592,5,110.942603
5.776122,6,111.185604
7.178592,5,111.387114
5.242754,5,111.587966
6.340613,5,111.788854
6.340613,5,112.084557
6.340613,5,112.285569
7.178592,5,112.541045
5.242754,5,112.742395
5.183575,5,112.943301
7.032722,5,113.146454
3.053233,5,113.347359
3.053233,5,113.549236
5.242754,5,113.750595
5.242754,5,113.951959
3.053233,5,114.154851
7.032722,5,114.356231
-11.420708,1,114.396892
7.032722,5,114.599734
5.183575,5,114.80073
3.053233,5,115.001114
6.340613,5,115.204469
7.032722,5,115.406151
7.032722,5,115.606536
5.183575,5,115.809472
7.032722,5,116.010348
5.242754,5,116.213185
5.183575,5,116.415004
3.279078,7,116.749546
5.242754,5,116.953486
7.178592,5,117.154829
5.183575,5,117.45131
7.032722,5,117.652218
5.183575,5,117.854089
5.242754,5,118.054941
6.340613,5,118.257943
5.183575,5,118.460431
5.242754,5,118.66131
7.178592,5,118.863182
5.516985,6,119.106741
7.178592,5,119.308611
7.178592,5,119.510483
5.226974,7,119.792667
3.053233,5,119.994557
7.032722,5,120.195932
5.242754,5,120.3983
-1.341393,6,120.639852
5.242754,5,120.895591
7.178592,5,121.096996
5.242754,5,121.300105
5.242754,5,121.502678
6.340613,5,121.703557
5.242754,5,121.905381
7.032722,5,122.107323
3.053233,5,122.308175
7.032722,5,122.510096
6.340613,5,122.806068
6.340613,5,123.006971
6.340613,5,123.20884
3.053233,5,123.411208
5.242754,5,123.614568
5.183575,5,123.816907
6.340613,5,124.018865
7.032722,5,124.220241
3.053233,5,124.421973
6.340613,5,124.623654
7.178592,5,124.825531
5.242754,5,125.081391
7.178592,5,125.283242
6.340613,5,125.484185
7.455927,6,125.728215
7.178592,5,125.930555
5.183575,5,126.1309
6.340613,5,126.332765
7.032722,5,126.536691
5.242754,5,126.738672
7.032722,5,126.940543
7.178592,5,127.141493
7.178592,5,127.343363
7.032722,5,127.544785
6.340613,5,127.746167
5.183575,5,128.042266
-9.093841,6,128.284229
7.032722,5,128.486099
7.032722,5,128.687127
5.242754,5,128.888502
7.032722,5,129.143196
6.340613,5,129.345068
7.032722,5,129.545914
5.242754,5,129.747782
5.242754,5,129.948444
6.340613,5,130.151366
6.340613,5,130.352248
7.178592,5,130.555111
6.340613,5,130.757552
-7.588475,3,130.879071
3.053233,5,131.081934
3.053233,5,131.284303
5.242754,5,131.488683
7.032722,5,131.691523
9.236125,6,131.933074
5.242754,5,132.134423
5.776409,6,132.376387
6.340613,5,132.577756
5.242754,5,132.778329
7.032722,5,132.979663
7.032722,5,133.334881
5.242754,5,133.53882
5.226974,7,133.822707
7.178592,5,134.026823
7.178592,5,134.228695
6.340613,5,134.430027
7.178592,5,134.631894
6.340613,5,134.833773
7.032722,5,135.035516
5.183575,5,135.237387
7.178592,5,135.438764
5.242754,5,135.641133
7.178592,5,135.843002
3.053233,5,136.045371
7.178592,5,136.246943
7.178592,5,136.449283
5.242754,5,136.65001
5.242754,5,136.85089
3.053233,5,137.053769
6.340613,5,137.255626
5.242754,5,137.510783
6.340613,5,137.711663
5.242754,5,137.914527
7.032722,5,138.116867
10.949389,17,138.89798
5.183575,5,139.100856
7.178592,5,139.303327
7.032722,5,139.504206
6.340613,5,139.706078
7.178592,5,139.90795
5.776409,6,140.150027
4.879378,6,140.392113
3.254218,6,140.633194
5.242754,5,140.83457
6.340613,5,141.036937
7.178592,5,141.239341
5.183575,5,141.443182
9.574455,11,141.938996
3.053233,5,142.14066
6.340613,5,142.342025
7.032722,5,142.544392
3.053233,5,142.747263
3.053233,5,142.949157
6.340613,5,143.15036
5.183575,5,143.351336
7.178592,5,143.553208
7.032722,5,143.755079
7.178592,5,144.052589
6.340613,5,144.252971
9.236125,6,144.494444
7.032722,5,144.697774
6.340613,5,144.89916
0.080685,7,145.180842
6.340613,5,145.382714
4.879378,6,145.624667
7.178592,5,145.943476
4.428167,11,146.388832
5.242754,5,146.591801
6.340613,5,146.793631
5.242754,5,146.996003
3.053233,5,147.197938
3.254218,6,147.439024
3.053233,5,147.641858
5.242754,5,147.843805
10.441378,6,148.085856
7.032722,5,148.28718
5.183575,5,148.489084
7.400714,9,148.852653
5.242754,5,149.054988
5.183575,5,149.35338
5.242754,5,149.555199
9.236125,6,149.798208
9.236125,6,150.129528
7.178592,5,150.331882
5.242754,5,150.534401
6.340613,5,150.736792
5.242754,5,150.938174
5.427958,8,151.261041
7.032722,5,151.462906
7.032722,5,151.664779
-2.891863,9,152.026747
5.242754,5,152.229138
10.343138,6,152.471704
-7.649916,4,152.631884
7.032722,5,152.834279
5.183575,5,153.035655
8.266491,6,153.2782
5.242754,5,153.480567
7.032722,5,153.681451
7.178592,5,153.884466
7.032722,5,154.086303
7.032722,5,154.341161
5.242754,5,154.543037
5.242754,5,154.84172
5.242754,5,155.043124
5.183575,5,155.244997
5.242754,5,155.446366
5.242754,5,155.647719
7.032722,5,155.849619
7.178592,5,156.051959
5.242754,5,156.253364
5.242754,5,156.45488
6.340613,5,156.655759
6.340613,5,156.858645
7.032722,5,157.06054
9.574455,11,157.505144
5.183575,5,157.706451
5.242754,5,157.907851
7.400714,9,158.271362
9.236125,6,158.623891
6.340613,5,158.825139
7.032722,5,159.027084
5.242754,5,159.228463
5.183575,5,159.429837
5.242754,5,159.631217
6.340613,5,159.832594
7.178592,5,160.131172
11.748196,13,160.65285
11.748196,13,161.176123
5.242754,5,161.378906
7.178592,5,161.580721
5.516985,6,161.822274
7.032722,5,162.025662
6.340613,5,162.228596
5.242754,5,162.429971
5.183575,5,162.741416
8.266491,6,162.984691
7.178592,5,163.186065
7.032722,5,163.38744
6.340613,5,163.588877
9.236125,6,163.830429
5.242754,5,164.032769
7.178592,5,164.233663
7.032722,5,164.435006
7.178592,5,164.637396
7.032722,5,164.839703
0.983367,11,165.281283
7.032722,5,165.578962
7.400714,9,165.941531
10.343138,6,166.183545
-7.649916,4,166.345224
7.455927,6,166.587288
6.340613,5,166.859581
5.242754,5,167.061453
7.178592,5,167.261733
5.242754,5,167.463108
7.032722,5,167.664457
5.242754,5,167.865725
8.266491,6,168.107202
18.613063,27,169.196046
7.032722,5,169.397422
7.178592,5,169.598825
5.183575,5,169.801195
5.183575,5,170.001549
10.320502,9,170.365118
-4.900048,16,171.327727
18.613063,27,172.414967
16.963971,8,172.737863
3.053233,5,172.940727
13.704163,7,173.222501
7.032722,5,173.424362
11.290229,7,173.706091
15.02715,8,174.028496
7.178592,5,174.229869
12.131638,7,174.512141
6.340613,5,174.713021
8.266491,6,174.955041
16.963971,8,175.465763
4.635022,6,175.708336
7.455927,6,175.951865
5.183575,5,176.154196
10.343138,6,176.490568
7.178592,5,176.691916
13.704163,7,176.974556
10.441378,6,177.215466
44.551341,18,177.942024
12.131638,7,178.224274
7.178592,5,178.428633
-10.878943,1,178.469293
7.178592,5,178.671856
1.935187,9,179.036536
10.343138,6,179.277097
9.72828,7,179.809583
7.032722,5,180.010462
6.340613,5,180.214317
7.178592,5,180.416972
-10.878943,1,180.45718
16.545336,10,180.860893
-3.088204,6,181.102971
9.039195,7,181.387832
13.653554,7,181.669105
16.963971,8,182.085267
17.337704,9,182.447317
61.603538,23,183.376587
17.922663,9,183.739412
7.178592,5,184.192551
18.667626,18,184.922326
10.441378,6,185.166488
13.704163,7,185.448711
5.242754,5,185.651079
17.337704,9,186.014675
9.236125,6,186.256694
11.290229,7,186.538918
5.226974,7,186.821638
22.88678,27,188.008732
10.343138,6,188.249196
9.72828,7,188.781042
11.290229,7,189.065284
38.503866,16,189.709576
12.131638,7,189.991317
25.850439,26,191.037323
8.266491,6,191.279867
16.789546,14,191.84313
15.005331,10,192.245311
7.455927,6,192.486959
18.613063,27,193.918808
40.047275,17,194.606947
58.420638,27,195.702418
-3.088204,6,195.944468
9.236125,6,196.185903
13.704163,7,196.470111
12.131638,7,196.753005
12.131638,7,197.284339
58.459839,23,198.218529
31.132086,16,198.957132
68.451497,27,200.048903
6.340613,5,200.250802
5.183575,5,200.452674
16.545336,10,200.855397
16.966948,8,201.177463
8.266491,6,201.680527
35.295738,15,202.285414
-5.476175,6,202.527522
50.369342,26,203.576648
7.178592,5,203.778451
5.242754,5,203.979827
9.72828,7,204.356919
42.760247,25,205.365716
14.339346,27,206.700618
68.451497,27,207.787471
65.717503,25,208.795342
43.069232,16,209.440095
10.441378,6,209.681632
16.790486,10,210.430853
29.280305,18,211.155475
28.731569,27,212.240685
34.510401,17,212.926539
18.613063,27,214.017293
52.902972,26,215.318595
64.108869,27,216.502988
40.404077,22,217.393376
13.704163,7,217.676077
13.704163,7,217.957908
23.362393,13,218.482864
39.954587,18,219.456675
22.88678,27,220.552266
32.400226,14,221.213631
33.4564,27,222.306658
49.629089,22,223.451521
24.125432,15,224.056376
43.813563,22,224.943501
68.451497,27,226.032511
39.268858,20,226.93434
33.516052,13,227.457332
65.210687,27,228.814218
62.019681,27,229.904502
20.621245,11,230.34889
43.069232,16,230.994379
27.907097,15,231.599998
26.179443,18,232.668132
18.613063,27,233.758158
16.966948,8,234.083824
50.649029,27,235.177969
38.503866,16,235.824273
18.613063,27,237.158867
42.798702,19,238.020441
9.72828,7,238.302048
64.940969,27,239.391543
57.20376,23,240.316402
53.378549,19,241.328482
-3.088204,6,241.570421
16.545336,10,241.972193
67.772923,27,243.061893
66.300241,25,244.165214
48.958451,23,245.341112
-7.649916,4,245.501827
30.01809,12,245.984953
67.772923,27,247.073817
48.503128,27,248.163005
7.455927,6,248.405518
39.268858,20,249.305577
64.940969,27,250.639338
62.53212,26,251.686494
47.826912,27,252.776285
53.629069,27,254.112792
49.073233,27,255.295289
16.545336,10,255.699493
75.161938,27,256.788733
27.559812,24,257.755409
56.120374,20,258.808333
75.161938,27,259.894526
55.175324,27,261.07839
25.634745,14,261.641817
7.455927,6,261.886346
54.46801,27,263.234741
48.505161,22,264.1202
33.934506,21,264.96593
60.755721,27,266.15871
69.907108,27,267.495785
69.811846,27,268.58488
67.772923,27,269.675452
39.806446,15,270.279588
66.460587,27,271.711775
36.543661,14,272.273649
75.161938,27,273.363743
57.187622,27,274.449659
73.915657,27,275.785973
67.772923,27,276.967265
50.399572,27,278.055773
-9.304611,1,278.095948
13.704163,7,278.378144
45.606051,27,279.466833
9.236125,6,279.710796
44.685711,27,281.056771
64.940969,27,282.146063
75.161938,27,283.331043
73.915657,27,284.676124
65.097244,27,285.764968
9.236125,6,286.008054
68.451497,27,287.098242
64.940969,27,288.281194
23.492519,10,288.935112
65.90873,23,289.860348
24.125432,15,290.46451
5.791912,27,291.554902
20.181111,27,292.64147
8.830165,27,294.070841
57.386544,26,295.116404
47.056675,27,296.20685
30.01809,12,296.68995
28.591001,27,298.02516
60.755721,27,299.209568
16.249876,13,299.733022
50.399572,27,300.822786
75.161938,27,302.15969
61.617087,27,303.248594
68.451497,27,304.338482
75.161938,27,305.530567
50.399572,27,306.876467
58.420638,27,307.96665
14.339346,27,309.056858
18.613063,27,310.245078
50.399572,27,311.576348
67.772923,27,312.663636
50.729048,27,313.751101
67.772923,27,315.08567
17.421253,27,316.26922
67.772923,27,317.360269
75.161938,27,318.44648
64.940969,27,319.78423
8.873819,27,320.880659
57.187622,27,322.064636
75.161938,27,323.15327
67.583408,27,324.488828
73.915657,27,325.58077
63.753908,27,326.670916
43.4473,16,327.413468
75.161938,27,328.752902
70.097631,27,329.843329
17.337704,9,330.205413
60.755721,27,331.293582
50.399572,27,332.635189
64.940969,27,333.822022
60.290119,27,334.912721
64.940969,27,336.000919
73.915657,27,337.335386
31.329571,15,337.938968
67.772923,27,339.122178
73.915657,27,340.213983
46.085915,23,341.388223
59.383159,21,342.233954
13.147536,27,343.320339
75.161938,27,344.50563
50.399572,27,345.845945
18.613063,27,346.940967
18.613063,27,348.030879
73.915657,27,349.121293
67.772923,27,350.546099
73.915657,27,351.636782
27.230153,27,352.726692
63.283226,27,353.816616
50.399572,27,355.242505
57.635775,27,356.3324
64.940969,27,357.421053
75.161938,27,358.757073
70.288629,25,359.765004
59.043798,27,360.947578
18.613063,27,362.037222
75.161938,27,363.385777
67.772923,27,364.472605
64.940969,27,365.561396
73.915657,27,366.745533
41.455935,27,368.081054
69.526062,27,369.168835
14.339346,27,370.260066
75.161938,27,371.592437
26.408916,12,372.170107
65.097244,27,373.259937
47.197242,27,374.347703
68.451497,27,375.437898
15.05422,12,376.171333
50.399572,27,377.350013
75.161938,27,378.43784
20.229734,9,378.80096
64.940969,27,379.890706
-1.054929,14,380.7035
50.399572,27,381.790102
57.635775,27,382.971211
62.426604,27,384.061891
67.772923,27,385.406691
8.873819,27,386.496095
14.339346,27,387.586499
73.915657,27,388.771611
73.915657,27,390.104958
57.187622,27,391.193038
64.940969,27,392.284455
64.940969,27,393.6324
67.296729,27,394.815353
60.755721,27,395.903725
50.399572,27,396.991136
60.755721,27,398.327855
37.119462,27,399.415145
37.25715,27,400.597548
50.399572,27,401.685905
64.940969,27,403.05851
67.772923,27,404.152558
73.915657,27,405.338491
50.399572,27,406.682925
14.339346,27,407.773443
73.915657,27,408.869574
18.613063,27,409.962093
-9.469051,1,410.002764
64.940969,27,411.441605
39.806446,15,412.046546
50.399572,27,413.135825
67.772923,27,414.224639
50.399572,27,415.560569
75.161938,27,416.74434
64.940969,27,417.83112
50.399572,27,418.92097
50.399572,27,420.264891
70.240524,27,421.356787
67.772923,27,422.540724
75.161938,27,423.630902
64.940969,27,424.965197
49.999228,27,426.053878
75.161938,27,427.142554
75.161938,27,428.586262
67.772923,27,429.677399
30.172907,17,430.3625
67.772923,27,431.449446
64.940969,27,432.792816
73.915657,27,433.976583
58.830132,27,435.066302
-11.420708,1,435.10697
13.704163,7,435.389662
33.280876,13,435.914935
75.161938,27,437.24981
60.755721,27,438.336016
75.161938,27,439.522812
18.613063,27,440.612016
64.940969,27,441.955495
50.399572,27,443.045266
67.772923,27,444.229033
64.940969,27,445.320454
67.772923,27,446.661386
64.940969,27,447.754309
73.915657,27,448.842957
50.399572,27,450.274621
73.915657,27,451.364419
18.077958,13,451.888195
18.613063,27,452.973526
73.915657,27,454.064702
17.421253,27,455.504373
67.772923,27,456.591827
50.399572,27,457.682659
64.940969,27,459.025061
64.940969,27,460.117941
50.399572,27,461.301878
50.399572,27,462.392452
73.915657,27,463.726438
75.161938,27,464.813752
75.161938,27,465.904943
68.451497,27,467.089345
75.161938,27,468.422371
50.399572,27,469.512008
50.399572,27,470.600228
50.399572,27,471.937015
75.161938,27,473.121443
50.399572,27,474.207585
22.88678,27,475.297034
18.613063,27,476.630351
7.032722,5,476.831754
64.940969,27,478.01337
64.940969,27,479.102623
75.161938,27,480.191793
75.161938,27,481.530869
50.399572,27,482.618917
67.772923,27,483.798395
50.399572,27,485.136855
16.963971,8,485.457217
75.161938,27,486.54569
73.915657,27,487.634067
68.451497,27,488.81828
17.421253,27,490.161372
50.399572,27,491.250108
22.88678,27,492.340544
69.811846,27,493.676358
75.161938,27,494.8622
68.451497,27,495.950714
22.88678,27,497.03935
-10.820096,1,497.080036
67.772923,27,498.413033
26.127396,12,498.896581
67.583408,27,500.262425
73.915657,27,501.404711
73.915657,27,502.762326
22.88678,27,503.870476
60.755721,27,504.973561
50.399572,27,506.174491
58.420638,27,507.536979
73.915657,27,508.661329
50.399572,27,509.750993
50.399572,27,510.840606
67.772923,27,512.279625
67.772923,27,513.372087
51.339069,24,514.33769
75.161938,27,515.428707
73.915657,27,516.762135
18.613063,27,517.945925
67.772923,27,519.032724
50.399572,27,520.374552
75.161938,27,521.460799
53.378549,19,522.225743
52.189034,27,523.417665
67.772923,27,524.755118
73.915657,27,525.842659
67.772923,27,526.931115
50.399572,27,528.020758
67.772923,27,529.457454
43.826898,27,530.549544
63.374323,27,531.643283
17.740491,27,532.730503
50.399572,27,534.168425
61.68604,27,535.258048
67.772923,27,536.351159
25.68321,17,537.039296
67.772923,27,538.383751
50.399572,27,539.567779
73.915657,27,540.65746
73.915657,27,541.991624
-7.658549,3,542.11215
73.915657,27,543.2007
64.940969,27,544.289405
50.399572,27,545.471394
29.009306,27,546.813843
53.789629,27,547.904568
50.399572,27,548.994284
73.915657,27,550.085423
64.940969,27,551.524391
73.915657,27,552.614998
67.772923,27,553.704249
75.161938,27,555.042841
73.915657,27,556.128919
67.772923,27,557.311326
50.399572,27,558.399062
22.88678,27,559.746457
64.940969,27,560.834658
50.399572,27,562.018285
52.812195,27,563.110392
18.613063,27,564.452864
67.01005,27,565.544997
75.161938,27,566.63341
73.915657,27,567.819263
18.613063,27,569.162091
50.399572,27,570.252002
67.772923,27,571.341666
73.915657,27,572.681347
50.399572,27,573.870928
67.772923,27,574.96
22.88678,27,576.048524
63.155132,27,577.395144
75.161938,27,578.57886
56.772224,27,579.672198
75.161938,27,580.759401
50.399572,27,582.104845
67.772923,27,583.194067
75.161938,27,584.3805
73.915657,27,585.717877
17.740491,27,586.812162
73.915657,27,587.902604
75.161938,27,588.992782
20.384196,27,590.428584
-9.304611,1,590.46876
64.940969,27,591.561534
67.772923,27,592.654192
43.982276,18,593.378764
64.940969,27,594.711817
75.161938,27,595.898865
67.772923,27,596.987093
64.940969,27,598.077803
17.740491,27,599.412524
72.209521,27,600.49995
64.940969,27,601.680229
24.046297,25,602.688313
73.915657,27,604.021524
73.915657,27,605.113664
14.339346,27,606.202371
73.915657,27,607.636017
73.915657,27,608.727657
75.161938,27,609.821295
75.161938,27,610.911325
50.399572,27,612.346864
75.161938,27,613.438063
64.940969,27,614.527773
22.88678,27,615.616493
23.385179,11,616.306695
22.88678,27,617.396429
50.399572,27,618.577659
64.940969,27,619.667949
75.161938,27,621.001642
10.021974,27,622.090808
22.88678,27,623.271531
64.940969,27,624.363106
18.613063,27,625.708889
22.88678,27,626.797637
67.772923,27,627.888642
22.88678,27,629.325698
73.915657,27,630.41648
73.915657,27,631.505695
50.399572,27,632.596866
73.915657,27,633.929012
75.161938,27,635.114147
75.161938,27,636.205388
18.613063,27,637.291135
50.399572,27,638.625506
64.940969,27,639.714217
67.772923,27,640.898169
50.399572,27,641.98693
64.940969,27,643.322939
22.88678,27,644.410446
73.915657,27,645.593921
64.940969,27,646.929298
75.161938,27,648.01781
50.399572,27,649.107637
22.88678,27,650.197191
18.613063,27,651.627377
67.772923,27,652.719698
75.161938,27,653.81456
73.915657,27,654.90468
75.161938,27,656.240058
64.940969,27,657.420971
75.161938,27,658.510357
67.772923,27,659.848055
75.161938,27,660.937648
67.772923,27,662.024483
22.88678,27,663.209331
73.915657,27,664.546669
64.940969,27,665.640784
18.613063,27,666.730628
20.7095,11,667.17405
75.161938,27,668.606038
64.940969,27,669.694724
67.772923,27,670.781368
75.161938,27,671.871982
65.097244,27,673.207921
64.940969,27,674.391571
67.296729,27,675.487348
50.399572,27,676.578486
64.940969,27,677.912592
73.915657,27,679.094264
67.772923,27,680.183364
75.161938,27,681.528884
67.772923,27,682.618884
59.447903,27,683.708194
64.940969,27,684.892475
67.772923,27,686.239383
73.915657,27,687.32767
50.399572,27,688.418823
50.399572,27,689.50878
67.772923,27,690.939964
22.88678,27,692.027683
50.399572,27,693.115141
64.940969,27,694.204335
22.88678,27,695.561304
22.88678,27,696.744626
47.056675,27,697.83409
67.772923,27,699.17018
22.88678,27,700.260742
50.399572,27,701.442245
75.161938,27,702.529164
64.940969,27,703.865771
22.88678,27,704.955217
75.161938,27,706.048755
75.161938,27,707.22658
75.161938,27,708.570423
22.88678,27,709.660039
22.88678,27,710.750788
18.613063,27,712.087974
50.399572,27,713.276685
64.940969,27,714.368538
22.88678,27,715.457152
64.940969,27,716.79036
22.88678,27,717.881166
73.915657,27,719.063445
65.097244,27,720.152166
67.772923,27,721.490455
22.88678,27,722.575385
50.399572,27,723.758545
64.940969,27,725.09868
14.339346,27,726.192613
54.681676,27,727.283412
73.915657,27,728.373434
14.339346,27,729.812438
64.940969,27,730.904074
50.399572,27,731.992516
64.940969,27,733.082521
64.940969,27,734.427713
75.161938,27,735.61284
18.613063,27,736.703124
73.915657,27,737.794365
67.772923,27,739.129464
8.873819,27,740.21483
67.772923,27,741.396423
22.88678,27,742.746701
67.772923,27,743.833891
67.772923,27,744.923398
75.161938,27,746.106466
73.915657,27,747.445324
50.399572,27,748.531653
75.161938,27,749.62144
18.613063,27,750.710253
64.940969,27,752.14787
22.88678,27,753.237579
73.915657,27,754.327554
73.915657,27,755.660859
75.161938,27,756.749117
64.940969,27,757.932495
75.161938,27,759.024402
73.915657,27,760.361253
73.915657,27,761.449716
75.161938,27,762.632293
67.772923,27,763.717525
68.451497,27,765.049216
75.161938,27,766.140344
67.772923,27,767.229964
67.772923,27,768.415154
50.399572,27,769.758381
67.772923,27,770.847497
14.339346,27,771.936888
75.161938,27,773.277698
75.161938,27,774.460509
73.915657,27,775.547444
73.915657,27,776.635114
67.772923,27,777.97942
73.915657,27,779.068139
40.552562,27,780.255433
18.613063,27,781.34377
-8.746478,6,781.83689
18.613063,27,782.930001
73.915657,27,784.022102
67.772923,27,785.20338
64.940969,27,786.549259
25.594333,27,787.639494
73.915657,27,788.729315
65.097244,27,789.82254
75.161938,27,791.257498
73.915657,27,792.347205
50.399572,27,793.437616
50.399572,27,794.526563
41.324383,27,795.864439
73.915657,27,797.050375
50.399572,27,798.141193
67.772923,27,799.490038
18.613063,27,800.583078
67.772923,27,801.764986
67.772923,27,802.856054
67.772923,27,804.189991
73.915657,27,805.276313
73.915657,27,806.366279
50.399572,27,807.550524
64.940969,27,808.886732
73.915657,27,809.986881
75.161938,27,811.075179
73.915657,27,812.408711
64.940969,27,813.597291
64.940969,27,814.68416
10.021974,27,815.771129
50.399572,27,817.107746
50.399572,27,818.19456
75.161938,27,819.379896
50.399572,27,820.469558
22.88678,27,821.81156
64.940969,27,822.903874
64.940969,27,824.089183
18.613063,27,825.423867
73.915657,27,826.51017
44.231978,27,827.597127
67.772923,27,828.686475
67.772923,27,830.12366
67.772923,27,831.215686
16.545336,10,831.618477
73.915657,27,832.709826
73.915657,27,834.052295
50.399572,27,835.142857
73.915657,27,836.326333
67.772923,27,837.41744
22.88678,27,838.756013
22.88678,27,839.842776
50.399572,27,841.021543
64.940969,27,842.111417
73.915657,27,843.457112
50.399572,27,844.547392
75.161938,27,845.636653
75.161938,27,846.823821
73.915657,27,848.155724
75.161938,27,849.241292
67.772923,27,850.33235
50.399572,27,851.671198
50.399572,27,852.854099
18.613063,27,853.942191
67.772923,27,855.032218
73.915657,27,856.368061
64.940969,27,857.556587
22.88678,27,858.646831
64.940969,27,859.736576
73.915657,27,861.073484
50.399572,27,862.161996
18.613063,27,863.340911
22.88678,27,864.681305
50.399572,27,865.769953
73.915657,27,866.860475
64.940969,27,867.946692
22.88678,27,869.377043
64.940969,27,870.471344
73.915657,27,871.562388
73.915657,27,872.652048
64.940969,27,873.98434
64.940969,27,875.170313
22.755159,27,876.257393
64.940969,27,877.347788
50.399572,27,878.682609
22.88678,27,879.872344
50.399572,27,880.95784
64.940969,27,882.302127
50.399572,27,883.389343
75.161938,27,884.477543
75.161938,27,885.662056
65.097244,27,887.012718
18.613063,27,888.10043
64.940969,27,889.187541
18.613063,27,890.27551
63.00705,27,891.715779
22.88678,27,892.803217
64.940969,27,893.894589
75.161938,27,895.233233
67.772923,27,896.320999
50.399572,27,897.501007
73.915657,27,898.590244
67.772923,27,899.935214
73.915657,27,901.025414
50.399572,27,902.209234
22.88678,27,903.298331
50.399572,27,904.633688
67.772923,27,905.720441
73.915657,27,906.810062
62.645944,22,907.792928
73.915657,27,909.126691
22.88678,27,910.217308
50.399572,27,911.310584
64.940969,27,912.649348
73.915657,27,913.833255
75.161938,27,914.922926
73.915657,27,916.013287
22.88678,27,917.345633
50.399572,27,918.434282
50.399572,27,919.618002
67.772923,27,920.707091
50.399572,27,922.052752
68.451497,27,923.142395
27.399889,27,924.231734
14.339346,27,925.667481
67.772923,27,926.761554
73.915657,27,927.850787
22.88678,27,928.941736
73.915657,27,930.376175
50.399572,27,931.469636
73.915657,27,932.560523
50.399572,27,933.650247
73.915657,27,934.993125
22.88678,27,936.181065
50.399572,27,937.269383
64.940969,27,938.35859
64.940969,27,939.691773
73.915657,27,940.780979
64.940969,27,941.965178
65.438782,27,943.302477
50.399572,27,944.387052
65.726042,27,945.477388
10.065629,27,946.566587
64.940969,27,948.005718
22.88678,27,949.095299
50.399572,27,950.185565
75.161938,27,951.276853
73.915657,27,952.706436
67.772923,27,953.793523
50.399572,27,954.881444
75.161938,27,956.219088
75.161938,27,957.311393
18.613063,27,958.500799
22.88678,27,959.589572
50.399572,27,960.935248
75.161938,27,962.0264
64.940969,27,963.117597
22.88678,27,964.300362
67.772923,27,965.64441
57.635775,27,966.733692
67.772923,27,967.822629
22.88678,27,969.257095
73.915657,27,970.352773
22.88678,27,971.44548
64.940969,27,972.53382
22.88678,27,973.883734
64.940969,27,975.060831
64.940969,27,976.151914
50.399572,27,977.241423
67.772923,27,978.582146
14.339346,27,979.67599
64.940969,27,980.861472
75.161938,27,981.952168
50.399572,27,983.28718
40.136884,15,983.892936
50.399572,27,984.982041
67.772923,27,986.165196
50.399572,27,987.50617
64.940969,27,988.595433
67.772923,27,989.687571
64.940969,27,991.024893
22.88678,27,992.213675
67.772923,27,993.305218
50.399572,27,994.393389
57.187622,27,995.733792
75.161938,27,996.830566
66.460587,27,998.015105
65.097244,27,999.101642
75.161938,27,1000.435266
50.399572,27,1001.524392
64.940969,27,1002.709696
73.915657,27,1003.796617
50.399572,27,1005.137354
64.940969,27,1006.224033
64.940969,27,1007.313321
59.447903,27,1008.757291
57.635775,27,1009.851399
75.161938,27,1010.941526
50.399572,27,1012.033787
64.940969,27,1013.367104
22.88678,27,1014.549452
67.772923,27,1015.641618
22.88678,27,1016.731059
75.161938,27,1018.073344
50.399572,27,1019.162198
75.161938,27,1020.345675
50.399572,27,1021.684766
22.88678,27,1022.769262
75.161938,27,1023.858476
75.161938,27,1025.047663
75.161938,27,1026.389866
73.915657,27,1027.478107
75.161938,27,1028.568787
67.772923,27,1029.658248
73.915657,27,1031.08766
73.915657,27,1032.17555
22.88678,27,1033.263266
75.161938,27,1034.600328
22.88678,27,1035.690179
73.915657,27,1036.872198
67.772923,27,1037.961444
73.915657,27,1039.297056
16.261233,26,1040.343669
67.772923,27,1041.431814
37.57282,27,1042.615912
73.915657,27,1043.951619
75.161938,27,1045.03884
18.613063,27,1046.129353
64.940969,27,1047.311809
73.915657,27,1048.655352
73.915657,27,1049.747054
22.88678,27,1050.835602
50.399572,27,1052.16854
73.915657,27,1053.354977
73.915657,27,1054.441514
75.161938,27,1055.530144
67.772923,27,1056.873715
14.339346,27,1057.965501
22.88678,27,1059.151494
50.399572,27,1060.239083
67.772923,27,1061.571214
22.88678,27,1062.661385
73.915657,27,1063.749972
73.915657,27,1065.179538
64.940969,27,1066.267323
64.940969,27,1067.35688
50.399572,27,1068.446094
50.399572,27,1069.885251
22.88678,27,1070.976627
64.940969,27,1072.067331
73.915657,27,1073.157085
67.772923,27,1074.496508
30.45993,27,1075.68419
73.915657,27,1076.774465
75.161938,27,1077.865298
22.88678,27,1079.202181
73.915657,27,1080.288871
67.772923,27,1081.474935
50.399572,27,1082.812009
22.88678,27,1083.906839
73.915657,27,1084.995595
75.161938,27,1086.088086
11.748196,13,1086.959317
22.88678,27,1088.05076
75.161938,27,1089.140927
73.915657,27,1090.229138
50.399572,27,1091.569071
75.161938,27,1092.750026
75.161938,27,1093.836079
73.915657,27,1094.925528
22.88678,27,1096.263047
67.772923,27,1097.350645
75.161938,27,1098.531551
75.161938,27,1099.621467
75.161938,27,1100.966275
22.88678,27,1102.057008
17.421253,27,1103.242463
67.772923,27,1104.579736
64.940969,27,1105.669407
75.161938,27,1106.75541
67.772923,27,1107.843446
50.399572,27,1109.273665
60.755721,27,1110.360278
22.88678,27,1111.449044
73.915657,27,1112.536667
67.772923,27,1113.885284
52.598529,27,1115.07187
22.88678,27,1116.158753
67.772923,27,1117.494808
73.915657,27,1118.584894
75.161938,27,1119.762011
22.88678,27,1120.852911
73.915657,27,1122.195014
64.940969,27,1123.288364
64.940969,27,1124.377733
64.940969,27,1125.56098
50.399572,27,1126.897755
64.940969,27,1127.983735
75.161938,27,1129.073439
75.161938,27,1130.162015
64.940969,27,1131.596579
67.772923,27,1132.69155
75.161938,27,1133.782353
73.915657,27,1135.127274
67.772923,27,1136.216781
75.161938,27,1137.400174
73.915657,27,1138.492408
50.399572,27,1139.826572
75.161938,27,1140.914211
50.399572,27,1142.096005
75.161938,27,1143.184927
75.161938,27,1144.519961
67.772923,27,1145.607456
67.772923,27,1146.697166
73.915657,27,1148.135683
73.915657,27,1149.226882
64.940969,27,1150.316742
22.88678,27,1151.406453
64.940969,27,1152.744081
67.772923,27,1153.935466
50.399572,27,1155.026858
67.772923,27,1156.115586
50.399572,27,1157.45191
64.940969,27,1158.537357
67.772923,27,1159.721982
75.161938,27,1161.059967
50.399572,27,1162.155372
73.915657,27,1163.246122
75.161938,27,1164.430415
50.399572,27,1165.771122
64.940969,27,1166.864867
64.940969,27,1167.955259
67.772923,27,1169.043973
18.613063,27,1170.47393
50.399572,27,1171.564381
73.915657,27,1172.656704
22.88678,27,1173.742426
22.88678,27,1175.078802
73.915657,27,1176.268039
75.161938,27,1177.360837
50.399572,27,1178.706031
22.88678,27,1179.795179
50.399572,27,1180.884449
75.161938,27,1182.068194
73.915657,27,1183.403157
18.613063,27,1184.490335
75.161938,27,1185.583816
75.161938,27,1186.767674
22.88678,27,1188.0997
73.915657,27,1189.186458
50.399572,27,1190.275943
17.740491,27,1191.619622
67.772923,27,1192.805
75.161938,27,1193.896422
18.613063,27,1194.985599
22.88678,27,1196.320797
64.940969,27,1197.404941
64.940969,27,1198.589266
22.88678,27,1199.679296
50.399572,27,1201.013189
64.940969,27,1202.108324
64.940969,27,1203.195525
73.915657,27,1204.624292
22.88678,27,1205.709299
64.940969,27,1206.797038
67.772923,27,1207.886781
22.88678,27,1209.328462
73.915657,27,1210.418803
50.399572,27,1211.50714
22.88678,27,1212.59653
73.915657,27,1213.942472
50.399572,27,1215.125792
73.915657,27,1216.214458
22.88678,27,1217.30272
67.772923,27,1218.638357
67.772923,27,1219.725586
64.940969,27,1220.909742
50.399572,27,1222.24796
73.915657,27,1223.333735
22.88678,27,1224.421927
67.772923,27,1225.510664
75.161938,27,1226.943408
73.915657,27,1228.035073
75.161938,27,1229.129843
50.399572,27,1230.21855
75.161938,27,1231.661085
50.399572,27,1232.752015
67.772923,27,1233.839077
50.399572,27,1235.176365
67.772923,27,1236.262958
75.161938,27,1237.446728
22.88678,27,1238.536216
73.915657,27,1239.879764
64.940969,27,1240.968863
67.772923,27,1242.058009
67.772923,27,1243.241467
67.772923,27,1244.588765
67.772923,27,1245.678841
73.915657,27,1246.767139
67.772923,27,1247.858192
50.399572,27,1249.285206
22.88678,27,1250.374644
67.772923,27,1251.464538
17.740491,27,1252.807773
50.399572,27,1253.993323
64.940969,27,1255.082344
50.399572,27,1256.170547
22.88678,27,1257.508082
22.88678,27,1258.595038
67.772923,27,1259.779152
22.88678,27,1260.867877
75.161938,27,1262.213621
75.161938,27,1263.303702
73.915657,27,1264.393506
64.940969,27,1265.824352
73.915657,27,1266.913732
22.88678,27,1268.004424
73.915657,27,1269.091074
67.772923,27,1270.518234
64.940969,27,1271.604328
73.915657,27,1272.693456
64.940969,27,1273.782175
22.88678,27,1275.119381
67.772923,27,1276.302346
64.940969,27,1277.39112
50.399572,27,1278.729277
67.772923,27,1279.824278
64.940969,27,1280.912843
50.399572,27,1282.097801
73.915657,27,1283.434802
73.915657,27,1284.523006
73.915657,27,1285.614287
75.161938,27,1286.701957
73.915657,27,1288.139208
50.399572,27,1289.227893
50.399572,27,1290.317201
67.772923,27,1291.408264
73.915657,27,1292.848766
64.940969,27,1293.936758
75.161938,27,1295.026143
22.88678,27,1296.362991
67.772923,27,1297.450808
67.772923,27,1298.634742
73.915657,27,1299.72474
75.161938,27,1301.059513
64.940969,27,1302.144965
22.88678,27,1303.232888
22.88678,27,1304.4155
73.915657,27,1305.754018
67.772923,27,1306.842973
75.161938,27,1307.932277
67.772923,27,1309.270081
73.915657,27,1310.458413
75.161938,27,1311.548009
67.772923,27,1312.636986
64.940969,27,1313.974571
67.772923,27,1315.161602
75.161938,27,1316.245973
64.940969,27,1317.331967
22.88678,27,1318.67002
67.772923,27,1319.757155
64.940969,27,1320.938233
73.915657,27,1322.285181
73.915657,27,1323.373449
75.161938,27,1324.463201
75.161938,27,1325.551961
22.88678,27,1326.991762
73.915657,27,1328.081884
64.940969,27,1329.171885
73.915657,27,1330.265767
22.88678,27,1331.607043
22.88678,27,1332.790542
64.940969,27,1333.879642
75.161938,27,1334.970718
50.399572,27,1336.314798
64.940969,27,1337.503001
64.940969,27,1338.590771
50.399572,27,1339.92555
73.915657,27,1341.010782
73.915657,27,1342.101543
75.161938,27,1343.286002
73.915657,27,1344.631127
64.940969,27,1345.720424
75.161938,27,1346.810995
67.772923,27,1347.901708
75.161938,27,1349.330273
64.940969,27,1350.416559
64.940969,27,1351.506809
64.940969,27,1352.850911
62.114649,27,1353.941776
22.88678,27,1355.127118
67.772923,27,1356.215284
73.915657,27,1357.562281
75.161938,27,1358.65015
50.399572,27,1359.834795
67.772923,27,1360.92416
22.88678,27,1362.25932
73.915657,27,1363.3472
65.726042,27,1364.437299
67.772923,27,1365.621099
64.940969,27,1366.966005
75.161938,27,1368.055083
50.399572,27,1369.144948
64.940969,27,1370.48934
64.940969,27,1371.673629
18.613063,27,1372.763309
67.772923,27,1373.853862
75.161938,27,1375.197543
73.915657,27,1376.289834
67.772923,27,1377.472372
73.915657,27,1378.562874
67.772923,27,1379.900048
67.772923,27,1380.987599
64.940969,27,1382.171993
73.915657,27,1383.506072
50.399572,27,1384.59731
50.399572,27,1385.683975
59.447903,27,1386.773734
75.161938,27,1388.209397
50.399572,27,1389.306646
73.915657,27,1390.393833
75.161938,27,1391.484187
67.772923,27,1392.814478
67.772923,27,1393.997872
73.915657,27,1395.083195
22.88678,27,1396.427635
22.88678,27,1397.518814
64.940969,27,1398.609826
75.161938,27,1399.793622
59.447903,27,1401.146365
75.161938,27,1402.241622
50.399572,27,1403.33244
64.940969,27,1404.517388
67.772923,27,1405.853541
67.772923,27,1406.942258
22.88678,27,1408.028437
67.772923,27,1409.116209
73.915657,27,1410.542456
73.915657,27,1411.633507
75.161938,27,1412.722846
75.161938,27,1414.058945
67.772923,27,1415.148567
73.915657,27,1416.329187
22.88678,27,1417.418045
73.915657,27,1418.750193
22.88678,27,1419.838894
75.161938,27,1421.021012
67.772923,27,1422.113404
64.940969,27,1423.459933
50.399572,27,1424.548858
67.772923,27,1425.637117
73.915657,27,1427.069256
22.88678,27,1428.153936
65.90873,23,1429.083273
22.88678,27,1430.173309
22.88678,27,1431.518235
50.399572,27,1432.71219
73.915657,27,1433.806269
67.772923,27,1434.89524
75.161938,27,1436.230031
64.940969,27,1437.315315
73.915657,27,1438.499379
50.399572,27,1439.589841
75.161938,27,1440.9283
68.451497,27,1442.014232
67.772923,27,1443.21698
73.915657,27,1444.739236
64.940969,27,1445.843252
50.399572,27,1446.949702
67.772923,27,1448.05279
50.399572,27,1449.497604
60.224481,27,1450.601327
75.161938,27,1451.704482
75.161938,27,1452.80907
73.915657,27,1454.200878
50.399572,27,1455.384452
73.915657,27,1456.474113
22.88678,27,1457.815662
75.161938,27,1458.908871
73.915657,27,1460.00155
75.161938,27,1461.184354
50.399572,27,1462.521239
73.915657,27,1463.608444
75.161938,27,1464.697418
13.653554,7,1464.97908
50.399572,27,1466.160977
22.88678,27,1467.510509
18.613063,27,1468.598572
22.88678,27,1469.687086
22.88678,27,1471.024779
75.161938,27,1472.205969
64.940969,27,1473.290751
18.613063,27,1474.382214
64.940969,27,1475.730895
73.915657,27,1476.817982
50.399572,27,1478.001498
73.915657,27,1479.091115
50.399572,27,1480.435751
75.161938,27,1481.526376
50.399572,27,1482.615828
73.915657,27,1484.063473
73.915657,27,1485.158008
68.451497,27,1486.248443
22.88678,27,1487.338219
73.915657,27,1488.770836
67.772923,27,1489.859931
50.399572,27,1490.946665
50.399572,27,1492.03664
73.915657,27,1493.377345
50.399572,27,1494.564908
73.915657,27,1495.652076
22.88678,27,1496.741891
22.88678,27,1498.089107
67.772923,27,1499.178147
75.161938,27,1500.363971
67.772923,27,1501.706101
64.940969,27,1502.797577
67.772923,27,1503.887315
64.940969,27,1505.071696
75.161938,27,1506.4024
64.940969,27,1507.490592
67.772923,27,1508.582237
73.915657,27,1509.670697
67.772923,27,1511.10394
67.772923,27,1512.19049
67.772923,27,1513.278442
64.940969,27,1514.614537
75.161938,27,1515.703589
67.772923,27,1516.885868
64.940969,27,1517.973566
67.772923,27,1519.310197
67.772923,27,1520.399944
64.940969,27,1521.486819
64.940969,27,1522.670616
73.915657,27,1524.013457
18.613063,27,1525.103158
55.714331,27,1526.194532
73.915657,27,1527.624718
22.88678,27,1528.713626
67.772923,27,1529.801545
73.915657,27,1530.889301
50.399572,27,1532.2245
67.772923,27,1533.404328
22.88678,27,1534.494448
50.399572,27,1535.586731
67.772923,27,1536.925587
73.915657,27,1538.020146
50.399572,27,1539.202524
67.772923,27,1540.293267
73.915657,27,1541.637653
75.161938,27,1542.728464
73.915657,27,1543.818646
50.399572,27,1545.259962
50.399572,27,1546.349198
73.915657,27,1547.436984
73.915657,27,1548.525702
32.830893,27,1549.957628
73.915657,27,1551.042576
67.772923,27,1552.132013
75.161938,27,1553.220458
67.772923,27,1554.572783
67.772923,27,1555.754154
67.772923,27,1556.841467
50.399572,27,1558.177067
50.399572,27,1559.263579
73.915657,27,1560.351667
50.399572,27,1561.535755
22.88678,27,1562.878829
67.772923,27,1563.971358
67.772923,27,1565.063581
75.161938,27,1566.150885
67.772923,27,1567.583881
67.772923,27,1568.680503
22.88678,27,1569.76963
64.940969,27,1571.107448
64.940969,27,1572.289296
64.940969,27,1573.37934
75.161938,27,1574.468051
50.399572,27,1575.811311
64.940969,27,1576.899749
75.161938,27,1578.083812
75.161938,27,1579.176327
50.399572,27,1580.518815
50.399572,27,1581.607669
75.161938,27,1582.699132
73.915657,27,1583.884062
67.772923,27,1585.21689
75.161938,27,1586.307152
73.915657,27,1587.396085
50.399572,27,1588.730765
73.915657,27,1589.913072
50.399572,27,1591.000237
50.399572,27,1592.089073
73.915657,27,1593.427075
67.772923,27,1594.611991
67.772923,27,1595.70706
67.772923,27,1596.798375
50.399572,27,1598.130939
67.772923,27,1599.221669
73.915657,27,1600.407705
67.772923,27,1601.744123
64.940969,27,1602.830798
50.399572,27,1603.91725
73.915657,27,1605.009265
50.399572,27,1606.445153
50.399572,27,1607.536461
75.161938,27,1608.626261
50.399572,27,1609.716628
75.161938,27,1611.066907
50.399572,27,1612.248415
73.915657,27,1613.334949
50.399572,27,1614.423972
73.915657,27,1615.768119
67.772923,27,1616.953675
73.915657,27,1618.042075
75.161938,27,1619.390614
-7.649916,4,1619.551815
64.940969,27,1620.643307
73.915657,27,1621.742563
22.88678,27,1622.925579
50.399572,27,1624.2659
22.88678,27,1625.361678
64.940969,27,1626.450841
73.915657,27,1627.795371
64.940969,27,1628.982874
73.915657,27,1630.069696
75.161938,27,1631.167833
73.915657,27,1632.499649
67.772923,27,1633.680355
50.399572,27,1634.769749
73.915657,27,1635.85936
50.399572,27,1637.195503
67.772923,27,1638.283755
50.399572,27,1639.467803
64.940969,27,1640.553995
50.399572,27,1641.897465
50.399572,27,1642.986602
64.940969,27,1644.077595
75.161938,27,1645.521894
73.915657,27,1646.608063
67.772923,27,1647.695596
73.915657,27,1648.78521
64.940969,27,1650.119809
64.940969,27,1651.30064
64.940969,27,1652.389856
67.772923,27,1653.480305
22.88678,27,1654.824289
73.915657,27,1656.010195
22.88678,27,1657.102588
22.88678,27,1658.437524
50.399572,27,1659.524405
64.940969,27,1660.609556
64.940969,27,1661.792715
73.915657,27,1663.141473
50.399572,27,1664.228199
75.161938,27,1665.319815
73.915657,27,1666.409622
75.161938,27,1667.836562
64.940969,27,1668.924684
75.161938,27,1670.015117
67.772923,27,1671.103129
73.915657,27,1672.438051
75.161938,27,1673.619559
50.399572,27,1674.708199
64.940969,27,1676.046523
75.161938,27,1677.143366
22.88678,27,1678.359897
50.399572,27,1679.447583
50.399572,27,1680.788109
73.915657,27,1681.880128
50.399572,27,1682.969752
50.399572,27,1684.154091
22.88678,27,1685.51143
22.88678,27,1686.602514
50.399572,27,1687.692188
67.772923,27,1689.050946
64.940969,27,1690.235559
22.88678,27,1691.323776
50.399572,27,1692.413983
50.399572,27,1693.75557
64.940969,27,1694.849172
22.88678,27,1696.032846
64.940969,27,1697.122642
22.88678,27,1698.46856
73.915657,27,1699.557249
22.88678,27,1700.742629
73.915657,27,1702.080986
73.915657,27,1703.167059
50.399572,27,1704.254843
64.940969,27,1705.34519
22.88678,27,1706.780783
73.915657,27,1707.872536
64.940969,27,1708.961759
73.915657,27,1710.051714
75.161938,27,1711.396223
22.88678,27,1712.580991
73.915657,27,1713.674798
22.88678,27,1714.765161
73.915657,27,1716.10813
20.976075,27,1717.29146
64.940969,27,1718.380951
50.399572,27,1719.716248
73.915657,27,1720.804292
22.88678,27,1721.892639
75.161938,27,1723.073989
64.940969,27,1724.426293
73.915657,27,1725.512108
64.940969,27,1726.601123
73.915657,27,1727.693936
67.772923,27,1729.128364
50.399572,27,1730.220598
73.915657,27,1731.309874
64.940969,27,1732.670367
67.772923,27,1733.75859
73.915657,27,1734.942574
75.161938,27,1736.032643
75.161938,27,1737.37859
22.88678,27,1738.468641
50.399572,27,1739.651144
64.940969,27,1740.741604
23.347039,27,1742.077386
73.915657,27,1743.166704
22.88678,27,1744.255774
73.915657,27,1745.695623
67.772923,27,1746.786378
75.161938,27,1747.8747
50.399572,27,1748.964866
50.399572,27,1750.297454
22.88678,27,1751.476546
67.772923,27,1752.56645
64.940969,27,1753.658033
64.940969,27,1754.991751
67.772923,27,1756.083248
67.772923,27,1757.264337
64.143262,27,1758.354509
64.940969,27,1759.698251
22.88678,27,1760.788177
50.399572,27,1761.972113
75.161938,27,1763.309767
73.915657,27,1764.404613
73.915657,27,1765.496705
64.940969,27,1766.587473
64.940969,27,1768.015714
22.88678,27,1769.101484
75.161938,27,1770.192233
64.940969,27,1771.280989
50.399572,27,1772.615133
73.915657,27,1773.795952
64.940969,27,1774.887882
67.772923,27,1776.23198
22.88678,27,1777.322227
75.161938,27,1778.411844
22.88678,27,1779.596935
67.772923,27,1780.937819
73.915657,27,1782.034296
75.161938,27,1783.124341
67.772923,27,1784.309799
22.88678,27,1785.664011
50.399572,27,1786.752584
73.915657,27,1787.84499
64.940969,27,1788.936187
50.399572,27,1790.371955
50.399572,27,1791.463017
50.399572,27,1792.552369
75.161938,27,1793.897162
73.915657,27,1794.986804
73.915657,27,1796.170938
64.940969,27,1797.261141
22.88678,27,1798.606406
64.940969,27,1799.695148
64.940969,27,1800.784791
73.915657,27,1801.968922
67.772923,27,1803.315437
22.88678,27,1804.404569
75.161938,27,1805.495456
22.88678,27,1806.933735
75.161938,27,1808.024259
64.940969,27,1809.114254
50.399572,27,1810.20315
73.915657,27,1811.5404
73.915657,27,1812.722915
50.399572,27,1813.808569
50.399572,27,1814.90016
73.915657,27,1816.230782
50.399572,27,1817.320731
67.772923,27,1818.503726
75.161938,27,1819.840244
50.399572,27,1820.9332
67.772923,27,1822.020459
64.940969,27,1823.106101
67.772923,27,1824.55758
67.772923,27,1825.649314
22.88678,27,1826.738425
67.772923,27,1827.827727
22.88678,27,1829.253062
50.399572,27,1830.343912
25.634745,14,1830.90783
73.915657,27,1831.997353
64.940969,27,1833.342833
75.161938,27,1834.433668
75.161938,27,1835.616935
75.161938,27,1836.70757
50.399572,27,1838.043589
22.88678,27,1839.128448
73.915657,27,1840.315152
73.915657,27,1841.648774
22.88678,27,1842.735046
67.772923,27,1843.825825
73.915657,27,1844.913637
50.399572,27,1846.355445
64.940969,27,1847.445465
75.161938,27,1848.533211
64.940969,27,1849.624377
73.915657,27,1850.959075
22.88678,27,1852.139364
73.915657,27,1853.229553
73.915657,27,1854.319655
73.915657,27,1855.65464
73.915657,27,1856.838301
50.399572,27,1857.926034
64.940969,27,1859.270205
75.161938,27,1860.360669
75.161938,27,1861.448892
22.88678,27,1862.635963
64.940969,27,1863.981219
50.399572,27,1865.071126
50.399572,27,1866.161547
73.915657,27,1867.250786
75.161938,27,1868.683098
73.915657,27,1869.777058
75.161938,27,1870.868259
22.88678,27,1872.204261
50.399572,27,1873.290954
64.940969,27,1874.476832
73.915657,27,1875.567179
73.915657,27,1876.907946
64.940969,27,1877.998892
67.772923,27,1879.183197
22.88678,27,1880.272246
50.399572,27,1881.607978
50.399572,27,1882.696948
75.161938,27,1883.78529
22.88678,27,1885.218406
75.161938,27,1886.312258
22.88678,27,1887.403433
50.399572,27,1888.492486
75.161938,27,1889.838992
75.161938,27,1891.023246
67.772923,27,1892.112873
22.88678,27,1893.203869
64.940969,27,1894.548355
22.88678,27,1895.638519
50.399572,27,1896.822132
22.88678,27,1897.912622
73.915657,27,1899.247511
73.915657,27,1900.336345
67.772923,27,1901.521284
75.161938,27,1902.865246
50.399572,27,1903.953599
75.161938,27,1905.042836
22.88678,27,1906.132633
73.915657,27,1907.571982
75.161938,27,1908.661111
22.88678,27,1909.75231
67.772923,27,1910.841056
22.88678,27,1912.186347
64.940969,27,1913.372278
67.772923,27,1914.461433
64.940969,27,1915.798029
64.940969,27,1916.885086
22.88678,27,1917.976754
67.772923,27,1919.160632
75.161938,27,1920.492487
22.88678,27,1921.580945
64.940969,27,1922.667523
58.830132,27,1923.85313
64.940969,27,1925.391449
64.940969,27,1926.500404
73.915657,27,1927.602705
73.915657,27,1928.704841
22.88678,27,1930.166031
50.399572,27,1931.268176
50.399572,27,1932.396574
67.772923,27,1933.733959
67.772923,27,1934.827471
50.399572,27,1936.016815
75.161938,27,1937.106967
67.772923,27,1938.450619
50.399572,27,1939.540139
73.915657,27,1940.631786
64.940969,27,1941.814148
50.399572,27,1943.162843
22.88678,27,1944.249995
64.940969,27,1945.339246
67.772923,27,1946.769238
73.915657,27,1947.855094
75.161938,27,1948.9453
67.772923,27,1950.034515
64.940969,27,1951.369481
75.161938,27,1952.553441
73.915657,27,1953.639822
64.940969,27,1954.730564
64.940969,27,1956.065434
50.399572,27,1957.152701
22.88678,27,1958.335462
75.161938,27,1959.678622
22.88678,27,1960.770843
50.399572,27,1961.861928
75.161938,27,1962.95184
64.940969,27,1964.382391
22.88678,27,1965.468891
64.940969,27,1966.559517
73.915657,27,1967.646626
67.772923,27,1969.085758
64.940969,27,1970.174275
73.915657,27,1971.264869
64.940969,27,1972.353503
50.399572,27,1973.688489
22.88678,27,1974.871286
50.399572,27,1975.959996
64.940969,27,1977.304564
73.915657,27,1978.393795
64.940969,27,1979.484826
73.915657,27,1980.669644
70.897401,27,1982.002776
22.88678,27,1983.091869
22.88678,27,1984.180766
64.940969,27,1985.270226
67.772923,27,1986.709183
67.772923,27,1987.799938
50.399572,27,1988.889469
64.940969,27,1990.237972
22.88678,27,1991.421136
75.161938,27,1992.509416
64.940969,27,1993.597739
64.940969,27,1994.944061
22.88678,27,1996.033753
64.940969,27,1997.217772
75.161938,27,1998.306534
22.88678,27,1999.646759
67.772923,27,2000.733921
64.940969,27,2001.820243
50.399572,27,2003.251326
64.940969,27,2004.347343
47.197242,27,2005.436406
22.88678,27,2006.527528
64.940969,27,2007.961386
75.161938,27,2009.055969
50.399572,27,2010.14515
50.399572,27,2011.235711
67.772923,27,2012.569633
73.915657,27,2013.756317
22.88678,27,2014.849612
73.915657,27,2015.937785
67.772923,27,2017.276292
50.399572,27,2018.366411
50.399572,27,2019.550581
67.772923,27,2020.886646
75.161938,27,2021.972884
50.399572,27,2023.063989
67.772923,27,2024.151671
50.399572,27,2025.590362
67.772923,27,2026.681288
23.347039,27,2027.771175
22.88678,27,2028.860476
73.915657,27,2030.299002
75.161938,27,2031.390076
22.88678,27,2032.479793
50.399572,27,2033.819668
75.161938,27,2034.913905
50.399572,27,2036.099143
73.915657,27,2037.187974
73.915657,27,2038.533546
73.915657,27,2039.622705
64.940969,27,2040.71309
64.940969,27,2041.897059
64.940969,27,2043.23158
22.88678,27,2044.31884
64.940969,27,2045.408093
75.161938,27,2046.49896
22.88678,27,2047.926736
32.830893,27,2049.016907
64.940969,27,2050.104943
64.940969,27,2051.453568
67.772923,27,2052.636251
73.915657,27,2053.723867
73.915657,27,2054.814684
73.915657,27,2056.148516
73.915657,27,2057.234699
75.161938,27,2058.420793
50.399572,27,2059.510148
67.772923,27,2060.856312
67.772923,27,2061.943622
67.772923,27,2063.034551
75.161938,27,2064.468645
75.161938,27,2065.557109
67.772923,27,2066.647753
22.88678,27,2067.733308
50.399572,27,2069.073713
64.940969,27,2070.258569
73.915657,27,2071.348777
73.915657,27,2072.438025
64.940969,27,2073.771947
67.772923,27,2074.958755
50.399572,27,2076.048886
50.399572,27,2077.387414
50.399572,27,2078.479298
75.161938,27,2079.567746
75.161938,27,2080.752756
75.161938,27,2082.088588
67.772923,27,2083.178869
64.940969,27,2084.270431
61.396432,27,2085.355898
75.161938,27,2086.804626
50.399572,27,2087.897852
75.161938,27,2088.986938
50.399572,27,2090.081917
50.399572,27,2091.422831
50.399572,27,2092.60734
64.940969,27,2093.695974
50.399572,27,2095.041398
22.88678,27,2096.131604
67.772923,27,2097.314873
22.88678,27,2098.4075
73.915657,27,2099.754985
22.88678,27,2100.841862
50.399572,27,2101.929961
67.772923,27,2103.114347
75.161938,27,2104.457858
22.88678,27,2105.549717
64.940969,27,2106.639392
67.772923,27,2107.97766
64.940969,27,2109.158729
64.940969,27,2110.246564
75.161938,27,2111.335079
50.399572,27,2112.679543
50.399572,27,2113.770259
67.772923,27,2114.955561
50.399572,27,2116.045114
75.161938,27,2117.380949
67.772923,27,2118.469261
73.915657,27,2119.651743
50.399572,27,2120.991806
22.88678,27,2122.084874
75.161938,27,2123.174188
73.915657,27,2124.264219
73.915657,27,2125.699109
73.915657,27,2126.79382
67.772923,27,2127.882255
73.915657,27,2128.973441
73.915657,27,2130.309196
75.161938,27,2131.499569
67.772923,27,2132.590064
75.161938,27,2133.681181
64.940969,27,2135.026096
75.161938,27,2136.116891
67.772923,27,2137.300502
73.915657,27,2138.647819
67.772923,27,2139.740664
64.940969,27,2140.829185
73.915657,27,2142.013955
75.161938,27,2143.359077
67.772923,27,2144.444968
50.399572,27,2145.532663
22.88678,27,2146.622931
22.88678,27,2148.055654
22.88678,27,2149.144478
22.88678,27,2150.231288
18.613063,27,2151.566156
22.88678,27,2152.652728
22.88678,27,2153.841442
64.940969,27,2154.929752
64.940969,27,2156.267393
64.940969,27,2157.360331
22.88678,27,2158.54484
64.940969,27,2159.634156
75.161938,27,2160.968791
50.399572,27,2162.056136
64.940969,27,2163.144619
50.399572,27,2164.330125
67.772923,27,2165.664578
73.915657,27,2166.752812
64.940969,27,2167.841328
75.161938,27,2169.191702
50.399572,27,2170.386036
67.772923,27,2171.473805
64.940969,27,2172.564103
75.161938,27,2173.923241
50.399572,27,2175.012552
